tree
version=v4
num_class=1
num_tree_per_iteration=1
label_index=0
max_feature_idx=4
objective=regression
feature_names=store_id item_id day_of_week month promotion
feature_infos=[1:9] [1:49] [0:6] [1:12] [0:1]
tree_sizes=2555 2633 2640 2642 2645 2641 2645 2647 2646 2653 2655 2651 2651 2654 2655 2653 2648 2665 2652 2664 2653 2661 2667 2661 2654 2676 2667 2656 2671 2669 2667 2672 2684 2678 2686 2681 2682 2695 2682 2700 2699 2693 2700 2697 2706 2696 2709 2694 2701 2718 2709 2708 2711 2707 2716 2716 2704 2719 2716 2715 2709 2713 2720 2721 2713 2718 2731 2713 2729 2716 2727 2724 2715 2716 2723 2726 2737 2721 2724 2726 2723 2728 2740 2729 2725 2727 2725 2723 2733 2727 2713 2722 2732 2727 2720 2732 2739 2726 2714 2732

Tree=0
num_leaves=31
num_cat=0
split_feature=0 4 4 0 0 1 1 1 1 1 1 0 0 0 0 0 1 0 0 1 1 1 0 1 1 1 1 1 1 1
split_gain=119971 28775.8 26447.3 12741.6 10423.7 10139.6 6822.81 6586.42 5353.77 4686.51 3956.48 3364.94 2992.13 2713.12 1956.27 1602.33 1265.75 1004.51 992.445 962.456 773.784 729.993 706.299 665.818 467.748 409.918 409.807 406.894 395.684 366.821
threshold=5.5000000000000009 1.0000000180025095e-35 1.0000000180025095e-35 2.5000000000000004 2.5000000000000004 23.500000000000004 26.500000000000004 29.500000000000004 18.500000000000004 26.500000000000004 24.500000000000004 7.5000000000000009 7.5000000000000009 8.5000000000000018 3.5000000000000004 7.5000000000000009 33.500000000000007 6.5000000000000009 3.5000000000000004 38.500000000000007 14.500000000000002 38.500000000000007 3.5000000000000004 40.500000000000007 13.500000000000002 37.500000000000007 38.500000000000007 40.500000000000007 12.500000000000002 35.500000000000007
decision_type=2 2 2 2 2 2 2 2 2 2 2 2 2 2 2 2 2 2 2 2 2 2 2 2 2 2 2 2 2 2
left_child=1 3 5 9 10 12 13 22 -6 28 -3 26 20 17 -10 21 -16 -4 -9 -13 -2 -8 -5 -11 -14 -20 -7 -12 -1 -17
right_child=2 4 6 7 8 11 15 18 14 23 27 19 24 -15 16 29 -18 -19 25 -21 -22 -23 -24 -25 -26 -27 -28 -29 -30 -31
leaf_value=62.730313083648682 63.955601894463811 63.655354596924369 64.800758792877204 63.424901677524346 64.180075137152258 64.67090739574553 65.37161967468262 63.974698925018316 64.505564437587154 63.38458973573384 64.14733215354471 65.07059594584895 64.494658958500253 65.592941895076208 64.746896297529346 65.853460385095502 65.176534231821705 65.190246839484388 64.194117372060362 65.458578889046947 64.319811512226238 65.79370148122878 63.712845815758961 63.720982175191246 64.836619522094736 64.47826775115729 64.941137230142957 64.431551220163712 62.998883333921434 66.129904120853965
leaf_weight=24 35 57 25 34 59 47 20 25 44 38 34 33 20 35 40 21 30 49 22 31 25 21 57 24 20 30 20 20 32 28
leaf_count=24 35 57 25 34 59 47 20 25 44 38 34 33 20 35 40 21 30 49 22 31 25 21 57 24 20 30 20 20 32 28
internal_value=64.4432 63.9676 65.0738 63.6135 64.3241 64.7098 65.4963 63.8932 64.5667 63.2153 63.9459 64.9992 64.3307 65.2302 64.7668 65.8184 64.931 65.0587 64.2336 65.2585 64.1074 65.5878 63.6053 63.5148 64.6656 64.3581 64.7516 64.2526 62.8838 66.0114
internal_weight=0 570 430 286 284 231 199 168 173 118 111 131 100 109 114 90 70 74 77 64 60 41 91 62 40 52 67 54 56 49
internal_count=1000 570 430 286 284 231 199 168 173 118 111 131 100 109 114 90 70 74 77 64 60 41 91 62 40 52 67 54 56 49
is_linear=0
shrinkage=1


Tree=1
num_leaves=31
num_cat=0
split_feature=0 4 4 0 0 1 1 1 1 1 1 0 0 0 0 0 0 1 1 1 1 1 1 1 0 0 1 0 1 1
split_gain=108274 25970.2 23868.7 11499.3 9407.41 9150.96 6157.58 6011.54 4831.77 4229.58 3570.72 3036.86 2700.4 2479.29 1765.53 1446.1 1155.51 1142.34 868.617 698.34 661.065 610.984 600.901 590.376 581.483 485.813 422.143 396.347 367.222 357.105
threshold=5.5000000000000009 1.0000000180025095e-35 1.0000000180025095e-35 2.5000000000000004 2.5000000000000004 23.500000000000004 26.500000000000004 25.500000000000004 18.500000000000004 26.500000000000004 24.500000000000004 7.5000000000000009 7.5000000000000009 7.5000000000000009 3.5000000000000004 7.5000000000000009 3.5000000000000004 33.500000000000007 38.500000000000007 14.500000000000002 39.500000000000007 35.500000000000007 40.500000000000007 16.500000000000004 8.5000000000000018 3.5000000000000004 13.500000000000002 6.5000000000000009 40.500000000000007 12.500000000000002
decision_type=2 2 2 2 2 2 2 2 2 2 2 2 2 2 2 2 2 2 2 2 2 2 2 2 2 2 2 2 2 2
left_child=1 3 5 9 10 12 13 25 -6 29 -3 27 19 23 -10 20 -9 -16 -13 -2 -8 -18 -11 -4 -15 -5 -14 -7 -12 -1
right_child=2 4 6 7 8 11 15 16 14 22 28 18 26 24 17 -17 21 -19 -20 -21 -22 -23 -24 -25 -26 -27 -28 -29 -30 -31
leaf_value=-1.6272743821144104 -0.46324998872620721 -0.74848493944134631 0.33061541752623663 -0.99212066014607747 -0.25000040233135223 0.15371494028588822 0.89141365694148211 -0.49159285117839951 0.059214428084140472 -1.0057115605002955 -0.28110624477267265 0.59599435853235649 0.048854213925078514 0.78005899190902717 0.28847968738424246 1.4897850075546577 -0.3052334882642912 0.69663571596145635 0.96457818092838421 -0.11725085380673408 1.2930744171142579 0.026508812233805659 -0.68613871683677041 0.68629672646522533 1.0922230352674214 -0.73854861072465494 0.37371675699949264 0.39915998836881239 -0.011098129153251649 -1.3721326604485513
leaf_weight=24 35 57 28 30 59 29 21 29 44 38 34 33 20 26 40 49 23 30 31 25 20 35 24 20 35 51 20 38 20 32
leaf_count=24 35 57 28 30 59 29 21 29 44 38 34 33 20 26 40 49 23 30 31 25 20 35 24 20 35 51 20 38 20 32
internal_value=0 -0.451886 0.599012 -0.788201 -0.113203 0.253255 1.00037 -0.52249 0.117304 -1.1665 -0.472461 0.52821 -0.106936 0.747638 0.307401 1.30645 -0.233894 0.463404 0.774527 -0.319084 1.08735 -0.105044 -0.882006 0.478816 0.95917 -0.832464 0.211285 0.292923 -0.181103 -1.48148
internal_weight=0 570 430 286 284 231 199 168 173 118 111 131 100 109 114 90 87 70 64 60 41 58 62 48 61 81 40 67 54 56
internal_count=1000 570 430 286 284 231 199 168 173 118 111 131 100 109 114 90 87 70 64 60 41 58 62 48 61 81 40 67 54 56
is_linear=0
shrinkage=0.05


Tree=2
num_leaves=31
num_cat=0
split_feature=0 4 4 0 0 1 1 1 1 1 1 0 0 0 0 0 1 1 1 1 0 0 0 1 0 1 1 1 1 1
split_gain=97717.3 23438.1 21541.5 10378.1 8490.19 8258.75 5628.8 5425.41 4360.68 3817.2 3222.58 2952.94 2740.77 2437.11 1593.39 1042.85 1030.96 899.575 783.927 761.228 652.297 593.379 553.667 551.413 438.446 384.461 380.984 331.418 330.171 322.287
threshold=5.5000000000000009 1.0000000180025095e-35 1.0000000180025095e-35 2.5000000000000004 2.5000000000000004 23.500000000000004 33.500000000000007 25.500000000000004 18.500000000000004 26.500000000000004 24.500000000000004 7.5000000000000009 7.5000000000000009 7.5000000000000009 3.5000000000000004 3.5000000000000004 33.500000000000007 17.500000000000004 38.500000000000007 16.500000000000004 6.5000000000000009 1.5000000000000002 7.5000000000000009 35.500000000000007 3.5000000000000004 33.500000000000007 13.500000000000002 40.500000000000007 13.500000000000002 12.500000000000002
decision_type=2 2 2 2 2 2 2 2 2 2 2 2 2 2 2 2 2 2 2 2 2 2 2 2 2 2 2 2 2 2
left_child=1 3 5 9 10 13 11 24 -6 29 28 19 25 20 -10 -9 -16 -13 -14 -4 -2 -11 -8 -17 -5 -7 -15 -12 -3 -1
right_child=2 4 6 7 8 12 22 15 14 21 27 17 18 26 16 23 -18 -19 -20 -21 -22 -23 -24 -25 -26 -27 -28 -29 -30 -31
leaf_value=-1.5459106604258219 -0.46258339958806194 -0.82126732180195483 0.31408463806978298 -0.94251462300618494 -0.23750038660936434 0.14920525911354252 1.1695706005754143 -0.46701319710961703 0.056253702735359026 -0.97827740977792177 -0.26705093306544075 0.83254571123556664 0.56619463870019626 0.046411509234458213 0.27405571393435818 -0.28997181615103845 0.6618039274215699 1.1876186482111615 0.91634926334504163 0.67106893556192526 -0.1326787633917712 -0.6674541813986643 1.4631331430541146 0.025183366377438815 -0.70162115774902656 0.38942108435763256 0.35503091424703603 -0.010543222613632679 -0.57966046562561624 -1.3035260051488877
leaf_weight=24 31 31 28 30 59 31 29 29 44 34 34 44 33 20 40 23 30 30 31 32 29 28 36 35 51 36 20 20 26 32
leaf_count=24 31 31 28 30 59 31 29 29 44 34 34 44 33 20 40 23 30 30 31 32 29 28 36 35 51 36 20 20 26 32
internal_value=0 -0.429292 0.569061 -0.748791 -0.107542 0.240592 0.950349 -0.496366 0.111439 -1.10818 -0.448838 0.765143 0.5018 -0.101589 0.292031 -0.222199 0.440234 0.976494 0.735801 0.504476 -0.303129 -0.837906 1.33216 -0.099792 -0.790841 0.278276 0.200721 -0.172048 -0.711061 -1.40741
internal_weight=0 570 430 286 284 231 199 168 173 118 111 134 131 100 114 87 70 74 64 60 60 62 65 58 81 67 40 54 57 56
internal_count=1000 570 430 286 284 231 199 168 173 118 111 134 131 100 114 87 70 74 64 60 60 62 65 58 81 67 40 54 57 56
is_linear=0
shrinkage=0.05


Tree=3
num_leaves=31
num_cat=0
split_feature=0 4 4 0 0 1 1 1 1 1 1 0 0 0 0 1 0 0 1 1 0 1 1 0 0 0 1 1 1 1
split_gain=88189.9 21152.9 19441.2 9366.27 7662.39 7453.52 5079.99 4927.15 4012.65 3445.02 2908.38 2665.57 2473.54 2199.49 1327.06 1261.5 1062.81 1015.6 761.693 707.494 690.307 630.613 541.704 520.608 499.684 363.141 361.254 343.838 323.729 299.105
threshold=5.5000000000000009 1.0000000180025095e-35 1.0000000180025095e-35 2.5000000000000004 2.5000000000000004 23.500000000000004 33.500000000000007 31.500000000000004 24.500000000000004 26.500000000000004 24.500000000000004 6.5000000000000009 7.5000000000000009 7.5000000000000009 3.5000000000000004 22.500000000000004 4.5000000000000009 8.5000000000000018 20.500000000000004 38.500000000000007 3.5000000000000004 14.500000000000002 40.500000000000007 3.5000000000000004 7.5000000000000009 6.5000000000000009 34.500000000000007 13.500000000000002 11.500000000000002 40.500000000000007
decision_type=2 2 2 2 2 2 2 2 2 2 2 2 2 2 2 2 2 2 2 2 2 2 2 2 2 2 2 2 2 2
left_child=1 3 5 9 10 13 11 18 16 -1 -3 -4 25 21 -10 17 28 -13 23 -14 -9 -2 -11 -5 -8 -7 -16 -15 -6 -12
right_child=2 4 6 7 8 12 24 20 14 22 29 15 19 27 26 -17 -18 -19 -20 -21 -22 -23 -24 -25 -26 -27 -28 -29 -30 -31
leaf_value=-1.3370349083627975 -0.42497029423713689 -0.67550764209345771 0.32874412774108352 -0.99101687344637801 -0.36259149615803077 0.13111396051686386 1.1110921234920108 -0.38150941786311926 0.12425358572379791 -0.91346470431277627 -0.2536983749445747 0.57958067357540133 0.53788490728898486 0.044090931154787544 0.37030902412675681 1.1242009496688843 0.11423418700695039 0.9604820251464844 -0.4982109633359042 0.87053179279450443 -0.036693620883879507 -0.096176848277449614 -0.61004095692187554 -0.69422962559594048 1.3899765080875821 0.36605239785031274 0.64681542052163021 0.33727938055992129 -0.12804595247975417 -0.0100160663574934
leaf_weight=56 35 57 32 22 31 29 29 21 36 38 34 42 33 20 21 30 30 30 33 31 47 25 24 45 36 38 27 20 28 20
leaf_count=56 35 57 32 22 31 29 29 21 36 38 34 42 33 20 21 30 30 30 33 31 47 25 24 45 36 38 27 20 28 20
internal_value=0 -0.407827 0.540608 -0.711352 -0.102165 0.228563 0.902832 -0.471547 0.105867 -1.05277 -0.426396 0.726886 0.47671 -0.0965098 0.353734 0.851793 -0.128074 0.73829 -0.694837 0.699011 -0.143181 -0.287973 -0.79601 -0.791682 1.26555 0.264363 0.525844 0.190685 -0.251282 -0.163446
internal_weight=0 570 430 286 284 231 199 168 173 118 111 134 131 100 84 102 89 72 100 64 68 60 62 67 65 67 48 40 59 54
internal_count=1000 570 430 286 284 231 199 168 173 118 111 134 131 100 84 102 89 72 100 64 68 60 62 67 65 67 48 40 59 54
is_linear=0
shrinkage=0.05


Tree=4
num_leaves=31
num_cat=0
split_feature=0 4 4 0 1 1 1 1 0 1 0 0 0 0 1 1 1 1 1 1 0 0 0 2 0 0 0 1 0 1
split_gain=79591.4 19090.5 17545.7 8453.06 6955.94 6800.14 4584.69 4446.76 4249.11 3109.13 2454.77 2433.34 2287.81 1951.51 1164.72 940.783 807.604 757.849 687.427 656.108 623.002 534.947 481.331 479.568 474.653 469.849 450.965 371.833 292.691 290.865
threshold=5.5000000000000009 1.0000000180025095e-35 1.0000000180025095e-35 2.5000000000000004 19.500000000000004 26.500000000000004 33.500000000000007 31.500000000000004 3.5000000000000004 26.500000000000004 7.5000000000000009 6.5000000000000009 3.5000000000000004 7.5000000000000009 8.5000000000000018 28.500000000000004 33.500000000000007 17.500000000000004 20.500000000000004 16.500000000000004 3.5000000000000004 1.5000000000000002 1.5000000000000002 2.5000000000000004 2.5000000000000004 3.5000000000000004 7.5000000000000009 40.500000000000007 6.5000000000000009 12.500000000000002
decision_type=2 2 2 2 2 2 2 2 2 2 2 2 2 2 2 2 2 2 2 2 2 2 2 2 2 2 2 2 2 2
left_child=1 3 5 9 12 11 10 18 15 29 19 -2 22 28 -13 -6 -10 -12 25 -4 -9 -11 -3 -16 -17 -5 -8 -15 -7 -1
right_child=2 4 6 7 8 13 26 20 16 21 17 14 -14 27 23 24 -18 -19 -20 -21 -22 -23 -24 -25 -26 -27 -28 -29 -30 -31
leaf_value=-1.4017633914947512 -0.39134846023150854 -0.74637377508755387 0.276120211450117 -0.94146603887731384 -0.33802627153694631 0.16525170016288759 1.0555374721000934 -0.36243394215901698 0.25269065903356441 -0.88949107843286856 0.75111833756620239 -0.18575697910785677 -0.11876487314542075 0.58610880204609461 0.37175153504524916 -0.11264469860328569 0.59775550544261935 1.0770227893193562 -0.47330041428407033 0.60754056610167029 -0.034858937458472052 -0.59436833517892029 -0.47589158949099092 0.092321923375129705 0.13925195431802423 -0.65951814015706389 1.3204776697688634 0.8461633982481781 0.39870653758788932 -1.1714979171752931
leaf_weight=24 35 29 28 22 30 25 29 21 39 34 44 25 41 28 28 45 30 30 33 32 47 28 38 34 32 45 36 27 29 32
leaf_count=24 35 29 28 22 30 25 29 21 39 34 44 25 41 28 28 45 30 30 33 32 47 28 38 34 32 45 36 27 29 32
internal_value=0 -0.387436 0.513578 -0.675784 -0.0970571 0.217135 0.85769 -0.44797 0.0967833 -1.00013 0.690541 -0.039288 -0.412945 0.50414 0.102346 -0.100502 0.402719 0.883242 -0.660095 0.452878 -0.136022 -0.75621 -0.592966 0.218516 -0.00796038 -0.752098 1.20227 0.713772 0.290626 -1.27018
internal_weight=0 570 430 286 284 231 199 168 176 118 134 122 108 109 87 107 69 74 100 60 68 62 67 62 77 67 65 55 54 56
internal_count=1000 570 430 286 284 231 199 168 176 118 134 122 108 109 87 107 69 74 100 60 68 62 67 62 77 67 65 55 54 56
is_linear=0
shrinkage=0.05


Tree=5
num_leaves=31
num_cat=0
split_feature=0 4 4 1 1 1 1 0 0 0 0 0 0 0 0 0 1 1 0 1 1 0 0 1 1 1 1 1 1 1
split_gain=72022.4 19467.7 13959.3 8495.73 6232.6 5134.5 5018.78 3808.16 3696.16 3386.78 2200.67 2020.4 1760.79 1415.36 1334.87 908.182 848.12 679.643 664.153 618.327 577.12 562.818 532.504 377.681 359.255 314.075 298.674 296.232 264.925 234.731
threshold=4.5000000000000009 1.0000000180025095e-35 1.0000000180025095e-35 23.500000000000004 28.500000000000004 22.500000000000004 27.500000000000004 6.5000000000000009 6.5000000000000009 7.5000000000000009 2.5000000000000004 1.5000000000000002 6.5000000000000009 2.5000000000000004 2.5000000000000004 8.5000000000000018 7.5000000000000009 35.500000000000007 6.5000000000000009 13.500000000000002 36.500000000000007 3.5000000000000004 8.5000000000000018 34.500000000000007 7.5000000000000009 40.500000000000007 40.500000000000007 12.500000000000002 13.500000000000002 12.500000000000002
decision_type=2 2 2 2 2 2 2 2 2 2 2 2 2 2 2 2 2 2 2 2 2 2 2 2 2 2 2 2 2 2
left_child=2 3 6 8 7 14 10 19 24 18 27 -8 -6 26 28 29 -10 -15 23 -3 -11 25 -14 -5 -2 -13 -7 -1 -4 -9
right_child=1 4 5 9 12 13 11 15 16 20 -12 21 22 17 -16 -17 -18 -19 -20 -21 -22 -23 -24 -25 -26 -27 -28 -29 -30 -31
leaf_value=-1.3316751937071483 -0.6368779275728309 -0.021741082072257997 -0.71434501371076031 -0.10270838060162285 0.73889724184305239 -0.24487166752417885 -0.84180826779567841 0.46526148399959011 -0.20133131539279764 0.45610301582901569 -0.75146526491866927 -0.56959121972322468 1.0684526856740317 0.035948350388758092 -0.26083082214742903 0.90512939272700133 0.17482036623231911 0.35333098201982438 0.32923667195596196 0.31355449560691012 0.76012883121902886 -0.1859833137347148 1.3785278272628785 0.15638352036476136 -0.38523633906970156 -0.32736050823460455 -0.0038830283284187321 -1.1022425707648782 -0.49307301412336529 0.68417756462097179
leaf_weight=24 23 20 31 22 39 36 33 24 22 27 53 32 45 37 50 37 47 31 38 44 37 26 20 39 37 23 20 34 24 25
leaf_count=24 23 20 31 22 39 36 33 24 22 27 53 32 45 37 50 37 47 31 38 44 37 26 20 39 37 23 20 34 24 25
internal_value=0 0.386933 -0.465342 0.108477 0.707047 -0.190523 -0.745047 0.500814 -0.194687 0.348404 -0.984361 -0.51203 1.0045 0.0273412 -0.447809 0.718145 0.0548879 0.180637 0.165155 0.208775 0.631868 -0.377676 1.16386 0.0629405 -0.481699 -0.468295 -0.158804 -1.19718 -0.61779 0.576953
internal_weight=0 546 454 292 254 229 225 150 129 163 111 114 104 124 105 86 69 68 99 64 64 81 65 61 60 55 56 58 55 49
internal_count=1000 546 454 292 254 229 225 150 129 163 111 114 104 124 105 86 69 68 99 64 64 81 65 61 60 55 56 58 55 49
is_linear=0
shrinkage=0.05


Tree=6
num_leaves=31
num_cat=0
split_feature=0 4 4 0 1 1 1 1 0 1 0 0 0 0 1 1 1 0 1 1 0 1 0 0 0 1 0 1 1 0
split_gain=65073.2 15557.9 14287.7 6894.09 5684 5587.99 3814.5 3659.06 3515.77 2519.53 2032.87 1943.11 1878.06 1569.68 979.539 950.175 800.941 785.637 673.487 583.06 490.194 465.744 434.23 402.677 400.219 383.97 369.15 309.556 235.695 234.57
threshold=5.5000000000000009 1.0000000180025095e-35 1.0000000180025095e-35 2.5000000000000004 19.500000000000004 26.500000000000004 33.500000000000007 31.500000000000004 3.5000000000000004 26.500000000000004 6.5000000000000009 6.5000000000000009 3.5000000000000004 7.5000000000000009 22.500000000000004 10.500000000000002 31.500000000000004 8.5000000000000018 33.500000000000007 20.500000000000004 3.5000000000000004 40.500000000000007 7.5000000000000009 1.5000000000000002 3.5000000000000004 43.500000000000007 2.5000000000000004 40.500000000000007 12.500000000000002 6.5000000000000009
decision_type=2 2 2 2 2 2 2 2 2 2 2 2 2 2 2 2 2 2 2 2 2 2 2 2 2 2 2 2 2 2
left_child=1 3 5 9 12 11 10 19 16 28 -4 -2 23 29 17 -13 -6 -12 -10 24 -9 -11 -17 -3 -5 -8 -18 -15 -1 -7
right_child=2 4 6 7 8 13 25 20 18 21 14 15 -14 27 -16 22 26 -19 -20 -21 -22 -23 -24 -25 -26 -27 -28 -29 -30 -31
leaf_value=-1.2650914589564006 -0.35017929278314114 -0.67715285810930981 0.2747473378753057 -0.85681944760409279 -0.26597777534185391 0.15331541061401369 1.0081995370652941 -0.32275356338137673 0.22832129327341533 -0.7928734678971141 0.49191637972281099 -0.13677645429968835 -0.10719521229223508 0.52856919254575463 0.97156407197316497 0.049042093812022361 -0.082984132797290125 0.8269296598434448 0.54343416591485338 -0.42528262461225197 -0.03218402866115596 -0.51152659455935168 0.32855691680628246 -0.42975565334690097 -0.59660061226950756 1.2715016508102419 0.15752374524319615 0.76584878144440838 -1.0578109592199325 0.36230937170571298
leaf_weight=24 35 29 32 22 41 25 45 21 39 38 42 30 41 28 30 24 39 30 30 33 47 24 33 38 45 20 27 27 32 29
leaf_count=24 35 29 32 22 41 25 45 21 39 38 42 30 41 28 30 24 39 30 30 33 47 24 33 38 45 20 27 27 32 29
internal_value=0 -0.350322 0.464381 -0.610629 -0.0881828 0.196872 0.774906 -0.404892 0.0870411 -0.903542 0.622442 -0.0355752 -0.373733 0.457043 0.731523 0.0909896 -0.0924143 0.631505 0.365327 -0.597314 -0.121919 -0.683965 0.210866 -0.536838 -0.682046 1.08922 0.0154055 0.645052 -1.14665 0.265553
internal_weight=0 570 430 286 284 231 199 168 176 118 134 122 108 109 102 87 107 72 69 100 68 62 57 67 67 65 66 55 56 54
internal_count=1000 570 430 286 284 231 199 168 176 118 134 122 108 109 102 87 107 72 69 100 68 62 57 67 67 65 66 55 56 54
is_linear=0
shrinkage=0.05


Tree=7
num_leaves=31
num_cat=0
split_feature=0 4 4 1 1 1 1 0 0 0 0 0 0 0 0 0 1 1 0 0 1 0 1 1 1 1 1 1 1 1
split_gain=58983.6 15869.7 11365.9 6973.93 5095.44 4249 4095.3 3071.55 2998.57 2721.84 1770.95 1701.09 1456.54 1238.45 1205.69 744.2 703.149 534.498 529.58 480.618 480.549 434.566 413.984 320.899 316.595 263.231 240.902 240.712 227.302 210.293
threshold=4.5000000000000009 1.0000000180025095e-35 1.0000000180025095e-35 23.500000000000004 28.500000000000004 23.500000000000004 27.500000000000004 6.5000000000000009 6.5000000000000009 7.5000000000000009 2.5000000000000004 1.5000000000000002 6.5000000000000009 2.5000000000000004 2.5000000000000004 8.5000000000000018 7.5000000000000009 13.500000000000002 6.5000000000000009 8.5000000000000018 38.500000000000007 3.5000000000000004 35.500000000000007 7.5000000000000009 34.500000000000007 40.500000000000007 13.500000000000002 12.500000000000002 40.500000000000007 15.500000000000002
decision_type=2 2 2 2 2 2 2 2 2 2 2 2 2 2 2 2 2 2 2 2 2 2 2 2 2 2 2 2 2 2
left_child=2 3 6 8 7 13 10 17 23 18 27 -8 -6 26 28 -9 -10 -3 24 -14 -11 25 -16 -2 -5 -13 -4 -1 -7 -12
right_child=1 4 5 9 12 14 11 15 16 20 29 21 19 -15 22 -17 -18 -19 -20 -21 -22 -23 -24 -25 -26 -27 -28 -29 -30 -31
leaf_value=-1.2018369038899741 -0.58109669478043269 -0.023887979611754418 -0.64955844879150393 -0.091085173054174948 0.6665668424792015 -0.21196882198838629 -0.76561587073586201 0.52008381560444839 -0.18442593372680927 0.43745513251333529 -0.77487219061170309 -0.51209956575185067 0.96243482165866434 -0.22435424854712829 0.060672252646256843 0.817158258927835 0.15807212720367503 0.28785145441070198 0.29836910951294399 1.2570163536071779 0.71160673864426149 -0.17129515231801914 0.31907414361353847 -0.34326754808425908 0.14613060728193095 -0.29034066511237105 -0.44318218288513328 -0.99501913295072664 0.00046033151447772981 -0.57535919308662409
leaf_weight=24 23 20 31 22 39 34 33 49 22 33 28 32 45 56 31 37 47 44 38 20 31 26 31 37 39 23 26 34 20 25
leaf_count=24 23 20 31 22 39 34 33 49 22 33 28 32 45 56 31 37 47 44 38 20 31 26 31 37 39 23 26 34 20 25
internal_value=0 0.350161 -0.421118 0.0987499 0.639184 -0.173137 -0.673507 0.452711 -0.175923 0.316129 -0.889686 -0.463018 0.908135 -0.391353 0.0394345 0.647895 0.0488698 0.190433 0.151851 1.05308 0.570247 -0.339737 0.189873 -0.434435 0.0605774 -0.419364 -0.555422 -1.0806 -0.133291 -0.680762
internal_weight=0 546 454 292 254 229 225 150 129 163 111 114 104 113 116 86 69 64 99 65 64 81 62 60 61 55 57 58 54 53
internal_count=1000 546 454 292 254 229 225 150 129 163 111 114 104 113 116 86 69 64 99 65 64 81 62 60 61 55 57 58 54 53
is_linear=0
shrinkage=0.05


Tree=8
num_leaves=31
num_cat=0
split_feature=0 4 4 1 1 1 1 0 0 0 0 0 0 0 0 1 0 1 1 0 1 0 1 1 1 0 1 1 1 1
split_gain=53232.7 14322.4 10257.7 6293.97 4598.64 3834.73 3696.01 2772.07 2706.21 2456.46 1598.28 1535.23 1316.55 1117.7 1088.13 681.898 671.641 634.592 492.297 477.946 439.622 392.196 373.62 289.611 285.727 255.781 237.566 217.414 217.243 205.14
threshold=4.5000000000000009 1.0000000180025095e-35 1.0000000180025095e-35 23.500000000000004 28.500000000000004 23.500000000000004 27.500000000000004 6.5000000000000009 6.5000000000000009 7.5000000000000009 2.5000000000000004 1.5000000000000002 7.5000000000000009 2.5000000000000004 2.5000000000000004 39.500000000000007 8.5000000000000018 7.5000000000000009 16.500000000000004 6.5000000000000009 36.500000000000007 3.5000000000000004 35.500000000000007 7.5000000000000009 34.500000000000007 8.5000000000000018 40.500000000000007 13.500000000000002 12.500000000000002 40.500000000000007
decision_type=2 2 2 2 2 2 2 2 2 2 2 2 2 2 2 2 2 2 2 2 2 2 2 2 2 2 2 2 2 2
left_child=2 3 6 8 7 13 10 18 23 19 28 -8 15 27 29 -6 -9 -10 -3 24 -11 26 -16 -2 -5 -14 -13 -4 -1 -7
right_child=1 4 5 9 12 14 11 16 17 20 -12 21 25 -15 22 -17 -18 -19 -20 -21 -22 -23 -24 -25 -26 -27 -28 -29 -30 -31
leaf_value=-1.1417450308799744 -0.55204186076703277 0.033282038122415543 -0.61708053311994004 -0.086530913818966271 0.5371224572261174 -0.20137038344846056 -0.72733509612805924 0.49407962879964284 -0.17520463165234437 0.38833020263248019 -0.64672417170455998 -0.4864946031011641 0.95825014202683068 -0.21313653952841249 0.057638639644269019 0.88348010027850121 0.77630036586039786 0.15016852278024595 0.31117229490157439 0.28345065597738878 0.65367897620072235 -0.16273039447573515 0.30312042813823231 -0.32610417233931055 0.13882407760008789 1.1941655778884888 -0.27582363382629727 -0.42102308022216539 -0.94526815274182496 0.00043731831014156338
leaf_weight=24 23 30 31 22 30 34 33 49 22 27 53 32 27 56 31 27 37 47 34 38 37 26 31 37 39 20 23 26 34 20
leaf_count=24 23 30 31 22 30 34 33 49 22 27 53 32 27 56 31 27 37 47 34 38 37 26 31 37 39 20 23 26 34 20
internal_value=0 0.332652 -0.400062 0.0938124 0.607225 -0.164481 -0.639832 0.430076 -0.167127 0.300323 -0.845202 -0.439867 0.862728 -0.371785 0.0374628 0.701187 0.6155 0.0464264 0.180911 0.144258 0.541735 -0.32275 0.18038 -0.412714 0.0575485 1.05864 -0.398396 -0.527651 -1.02657 -0.126627
internal_weight=0 546 454 292 254 229 225 150 129 163 111 114 104 113 116 57 86 69 64 99 64 81 62 60 61 47 55 57 58 54
internal_count=1000 546 454 292 254 229 225 150 129 163 111 114 104 113 116 57 86 69 64 99 64 81 62 60 61 47 55 57 58 54
is_linear=0
shrinkage=0.05


Tree=9
num_leaves=31
num_cat=0
split_feature=0 4 4 0 1 1 1 1 0 1 0 0 0 0 1 1 1 1 1 1 1 0 0 1 0 0 1 1 1 1
split_gain=48245.5 11439.7 10509.6 5079.99 4207.98 4187.49 2949.61 2745.17 2669.81 1833.16 1567.64 1435.37 1402.95 1125.68 730.999 633.924 516.687 507.588 487.382 453.603 383.412 364.334 334.462 324.674 318.715 311.32 231.37 224.847 213.157 171.38
threshold=5.5000000000000009 1.0000000180025095e-35 1.0000000180025095e-35 2.5000000000000004 19.500000000000004 26.500000000000004 34.500000000000007 31.500000000000004 3.5000000000000004 26.500000000000004 7.5000000000000009 7.5000000000000009 3.5000000000000004 7.5000000000000009 14.500000000000002 45.500000000000007 17.500000000000004 33.500000000000007 16.500000000000004 20.500000000000004 40.500000000000007 7.5000000000000009 3.5000000000000004 28.500000000000004 3.5000000000000004 1.5000000000000002 40.500000000000007 13.500000000000002 38.500000000000007 12.500000000000002
decision_type=2 2 2 2 2 2 2 2 2 2 2 2 2 2 2 2 2 2 2 2 2 2 2 2 2 2 2 2 2 2
left_child=1 3 5 9 12 11 10 19 15 29 18 14 25 28 -2 23 -12 -10 -4 24 -11 -8 -9 -6 -5 -3 -15 -13 -7 -1
right_child=2 4 6 7 8 13 21 22 17 20 16 27 -14 26 -16 -17 -18 -19 -20 -21 -22 -23 -24 -25 -26 -27 -28 -29 -30 -31
leaf_value=-1.0846578001976013 -0.33617113538086418 -0.58690178846490804 0.20102613745257258 -0.74561928944154232 -0.27396971101562184 0.15729255996206229 0.83675982157389317 -0.26904131060554864 0.1974693378003744 -0.68781256989428874 0.57552936815402722 0.049561430364847184 -0.092184397432862275 0.45415485990898952 -0.01945943083908213 0.17135153587907553 0.83094723224639899 0.47103225022554396 0.48272314702763275 -0.36318241141059182 -0.43254156907399494 1.0899311939875285 -0.02902589111410557 -0.070754824003629521 -0.51340401748816178 -0.369371248507186 0.65929204976117173 0.26748188811129542 0.36300566844642163 -0.90790603682398796
leaf_weight=24 35 29 28 22 30 34 27 21 39 38 44 20 41 28 38 20 36 30 34 33 24 30 47 57 45 38 27 29 20 32
leaf_count=24 35 29 28 22 30 34 27 21 39 38 44 20 41 28 38 20 36 30 34 33 24 30 47 57 45 38 27 29 20 32
internal_value=0 -0.301644 0.399854 -0.524855 -0.0768614 0.170424 0.666177 -0.348249 0.0739045 -0.776294 0.544216 -0.0307971 -0.322554 0.395645 -0.171308 -0.0824774 0.690467 0.31641 0.355505 -0.514918 -0.588998 0.970008 -0.103148 -0.140829 -0.589654 -0.463526 0.554859 0.178535 0.233483 -0.983657
internal_weight=0 570 430 286 284 231 199 168 176 118 142 122 108 109 73 107 80 69 62 100 62 57 68 87 67 67 55 49 54 56
internal_count=1000 570 430 286 284 231 199 168 176 118 142 122 108 109 73 107 80 69 62 100 62 57 68 87 67 67 55 49 54 56
is_linear=0
shrinkage=0.05


Tree=10
num_leaves=31
num_cat=0
split_feature=0 4 4 1 1 1 0 1 0 0 0 0 0 0 1 0 0 1 1 1 1 1 1 0 1 1 0 1 1 1
split_gain=43587.2 11673.9 8353.21 5157.36 3773.29 3148.78 3015.58 3013.92 2248.21 1977.63 1336.42 1292.86 928.221 918.264 729.984 556.379 541.777 532.909 456.072 413.545 364.105 363.628 305.351 301.913 274.444 245.732 238.431 201.964 198.451 165.309
threshold=4.5000000000000009 1.0000000180025095e-35 1.0000000180025095e-35 23.500000000000004 33.500000000000007 23.500000000000004 6.5000000000000009 27.500000000000004 6.5000000000000009 7.5000000000000009 1.5000000000000002 1.5000000000000002 2.5000000000000004 1.5000000000000002 22.500000000000004 8.5000000000000018 7.5000000000000009 7.5000000000000009 13.500000000000002 43.500000000000007 36.500000000000007 10.500000000000002 35.500000000000007 3.5000000000000004 12.500000000000002 7.5000000000000009 6.5000000000000009 41.500000000000007 40.500000000000007 40.500000000000007
decision_type=2 2 2 2 2 2 2 2 2 2 2 2 2 2 2 2 2 2 2 2 2 2 2 2 2 2 2 2 2 2
left_child=2 3 7 8 6 13 18 10 25 19 -1 -9 29 -4 15 -8 27 -10 -3 26 -11 -15 -14 28 -12 -2 -5 -6 -13 -7
right_child=1 4 5 9 16 12 14 11 17 20 24 23 22 21 -16 -17 -18 -19 -20 -21 -22 -23 -24 -25 -26 -27 -28 -29 -30 -31
leaf_value=-0.99956003580337927 -0.50300774988920793 -0.02634569793939591 -0.55004724945340844 0.0073697753092075921 0.61184006662700663 -0.18507451445740813 0.3930784311322939 -0.66160577138264975 -0.15927915464748035 0.34931715848269285 -0.75164695501327516 -0.43721884787082677 0.054611157193299266 -0.35543407720287107 0.80410992781321211 0.67500528971354168 0.98071398933728549 0.13888865861486882 0.25315992113340785 0.32346970330585134 0.59080254354992434 -0.13923519519044134 0.27653478626762668 -0.14992953529581429 -0.55364112371490115 -0.29488869788553063 0.18779085624963046 0.83137581348419198 -0.24467059973141422 -0.0039152631536126135
leaf_weight=39 23 20 35 47 22 34 42 33 22 27 30 32 31 37 30 30 36 47 54 22 37 41 31 26 42 37 30 20 23 20
leaf_count=39 23 20 35 47 22 34 42 33 22 27 30 32 31 37 30 30 36 47 54 22 37 41 31 26 42 37 30 20 23 20
internal_value=0 0.30101 -0.362008 0.085381 0.548898 -0.149418 0.420605 -0.578377 -0.150825 0.272317 -0.76383 -0.397803 0.0335749 -0.337269 0.59689 0.510548 0.838381 0.0438207 0.177618 0.132287 0.488926 -0.241791 0.165573 -0.290328 -0.636144 -0.374668 0.0776637 0.716381 -0.356699 -0.117978
internal_weight=0 546 454 292 254 229 176 225 129 163 111 114 116 113 102 72 78 69 74 99 64 78 62 81 72 60 77 42 55 54
internal_count=1000 546 454 292 254 229 176 225 129 163 111 114 116 113 102 72 78 69 74 99 64 78 62 81 72 60 77 42 55 54
is_linear=0
shrinkage=0.05


Tree=11
num_leaves=31
num_cat=0
split_feature=0 4 4 0 0 1 1 1 1 1 1 1 0 0 0 1 0 1 1 1 0 1 0 0 1 0 0 2 1 0
split_gain=39492.8 9322.43 8559.8 4179.36 3498.03 3466.87 2444.29 2244.01 1842.78 1503.14 1401.46 1369.11 1282.96 954.757 646.337 524.229 508.144 429.884 404.996 371.921 336.854 331.535 293.816 270.06 266.092 261.212 231.544 199.932 161.659 157.329
threshold=5.5000000000000009 1.0000000180025095e-35 1.0000000180025095e-35 2.5000000000000004 2.5000000000000004 33.500000000000007 34.500000000000007 31.500000000000004 24.500000000000004 26.500000000000004 29.500000000000004 10.500000000000002 7.5000000000000009 8.5000000000000018 3.5000000000000004 11.500000000000002 7.5000000000000009 10.500000000000002 16.500000000000004 20.500000000000004 6.5000000000000009 40.500000000000007 7.5000000000000009 3.5000000000000004 13.500000000000002 3.5000000000000004 4.5000000000000009 3.5000000000000004 37.500000000000007 8.5000000000000018
decision_type=2 2 2 2 2 2 2 2 2 2 2 2 2 2 2 2 2 2 2 2 2 2 2 2 2 2 2 2 2 2
left_child=1 3 5 9 10 11 12 19 15 -1 24 -2 18 20 -10 -6 -7 -14 -4 23 -13 -11 -8 -5 -3 -9 -17 -22 -16 -19
right_child=2 4 6 7 8 16 22 25 14 21 -12 13 17 -15 28 26 -18 29 -20 -21 27 -23 -24 -25 -26 -27 -28 -29 -30 -31
leaf_value=-0.8902481658118111 -0.22311709777198058 -0.53840215590692331 0.17956078217497895 -0.67615612745285036 -0.21927212185975986 0.27512413951464826 0.75904469225141735 -0.23922968535196212 0.0783859462166826 -0.62476296675832654 -0.065647943391529628 -0.10602190063468048 0.4291304622377668 0.41995553508400918 0.27424384504556659 -0.068631953107459218 0.52593143867409753 0.5973364706039429 0.43634748739354756 -0.32751863727515396 0.19151659367545959 -0.38738897060975436 0.98639889876047782 -0.46239934300382934 -0.33981169321247051 -0.027119164787074351 0.15411566849797964 0.0035064964340283319 0.45840253179723567 0.76256745387526126
leaf_weight=56 44 31 28 22 41 36 27 21 36 38 43 28 21 20 26 28 46 25 34 33 31 24 30 45 37 47 20 26 22 34
leaf_count=56 44 31 28 22 41 36 27 21 36 38 43 28 21 20 26 28 46 25 34 33 31 24 30 45 37 47 20 26 22 34
internal_value=0 -0.272914 0.36177 -0.474413 -0.0699958 0.154714 0.602121 -0.314226 0.0705639 -0.702476 -0.289066 0.011017 0.491098 0.10913 0.238537 -0.0879723 0.415821 0.623406 0.320379 -0.464915 0.0359949 -0.532876 0.878705 -0.532588 -0.430346 -0.0926239 0.0241796 0.105758 0.35865 0.692554
internal_weight=0 570 430 286 284 231 199 168 173 118 111 149 142 105 84 89 82 80 62 100 85 62 57 67 68 68 48 57 48 59
internal_count=1000 570 430 286 284 231 199 168 173 118 111 149 142 105 84 89 82 80 62 100 85 62 57 67 68 68 48 57 48 59
is_linear=0
shrinkage=0.05


Tree=12
num_leaves=31
num_cat=0
split_feature=0 4 4 1 1 1 0 0 0 0 1 0 1 0 0 0 1 1 1 0 1 1 1 1 0 1 0 1 1 1
split_gain=35669.3 9508.07 6808.34 4236.17 3098.74 2572.42 2511.42 1876.55 1854.66 1595.65 1489.69 944.115 811.537 769.803 745.835 464.37 426.126 357.262 343.715 333.24 313.5 309.788 259.73 239.811 231.509 213.633 192.908 170.312 165.542 141.601
threshold=4.5000000000000009 1.0000000180025095e-35 1.0000000180025095e-35 23.500000000000004 28.500000000000004 23.500000000000004 1.5000000000000002 6.5000000000000009 6.5000000000000009 7.5000000000000009 27.500000000000004 6.5000000000000009 24.500000000000004 1.5000000000000002 2.5000000000000004 8.5000000000000018 7.5000000000000009 43.500000000000007 16.500000000000004 8.5000000000000018 38.500000000000007 10.500000000000002 35.500000000000007 12.500000000000002 3.5000000000000004 9.5000000000000018 6.5000000000000009 11.500000000000002 40.500000000000007 40.500000000000007
decision_type=2 2 2 2 2 2 2 2 2 2 2 2 2 2 2 2 2 2 2 2 2 2 2 2 2 2 2 2 2 2
left_child=2 3 6 7 8 13 12 25 18 17 23 -6 -1 -4 29 27 -9 26 -3 -13 -11 -15 -16 -8 28 -2 -5 -10 -12 -7
right_child=1 4 5 9 11 14 10 16 15 20 24 19 -14 21 22 -17 -18 -19 -20 -21 -22 -23 -24 -25 -26 -27 -28 -29 -30 -31
leaf_value=-0.94881765770189697 -0.44876949924689075 0.023436969319979351 -0.50016399042946957 0.0073395935858183714 0.51126532042637851 -0.16810338975971237 -0.68167737404505413 -0.14015934467315674 0.28905767560005191 0.33443231146895525 -0.39279242819175125 0.74696964555316514 -0.61191748808591795 -0.32281745948098806 0.045829578597218763 0.63597296830770134 0.12646715300674105 0.29903534732081671 0.25563516583951079 0.99226186990737908 0.55586462713056994 -0.12326497413763188 0.25050476889816986 -0.49658614652497435 -0.13818864326637526 -0.25837525120552851 0.16962547242641449 0.47871808861864029 -0.21693264800731257 -0.00043710429221391675
leaf_weight=33 26 30 35 47 39 34 30 22 20 33 32 45 39 37 31 37 47 22 34 20 31 41 31 42 26 34 30 29 23 20
leaf_count=33 26 30 35 47 39 34 30 22 20 33 32 45 39 37 31 37 47 22 34 20 31 41 31 42 26 34 30 29 23 20
internal_value=0 0.272301 -0.327481 0.0776995 0.496015 -0.135553 -0.52282 -0.136375 0.350598 0.24712 -0.408226 0.705752 -0.76633 -0.305344 0.0298458 0.502267 0.0414558 0.121338 0.146792 0.822444 0.441689 -0.217924 0.148167 -0.573707 -0.261132 -0.340879 0.0705679 0.401306 -0.319251 -0.106005
internal_weight=0 546 454 292 254 229 225 129 150 163 153 104 72 113 116 86 69 99 64 65 64 78 62 72 81 60 77 49 55 54
internal_count=1000 546 454 292 254 229 225 129 150 163 153 104 72 113 116 86 69 99 64 65 64 78 62 72 81 60 77 49 55 54
is_linear=0
shrinkage=0.05


Tree=13
num_leaves=31
num_cat=0
split_feature=0 4 4 0 0 1 1 1 1 1 0 0 0 1 0 1 1 0 0 1 0 1 1 1 1 1 0 1 1 1
split_gain=32314.8 7599.64 6968.55 3445.93 2928.9 2877.3 2055.19 2027.74 1930.76 1196.14 1073.62 1031.72 751.835 732.412 713.419 581.351 552.031 413.103 399.221 363.402 281.792 377.015 262.581 257.931 246.291 180.574 172.524 163.549 153.136 151.776
threshold=5.5000000000000009 1.0000000180025095e-35 1.0000000180025095e-35 1.5000000000000002 3.5000000000000004 27.500000000000004 34.500000000000007 25.500000000000004 23.500000000000004 23.500000000000004 6.5000000000000009 7.5000000000000009 3.5000000000000004 24.500000000000004 7.5000000000000009 22.500000000000004 14.500000000000002 8.5000000000000018 3.5000000000000004 45.500000000000007 1.5000000000000002 10.500000000000002 13.500000000000002 36.500000000000007 43.500000000000007 40.500000000000007 2.5000000000000004 40.500000000000007 37.500000000000007 38.500000000000007
decision_type=2 2 2 2 2 2 2 2 2 2 2 2 2 2 2 2 2 2 2 2 2 2 2 2 2 2 2 2 2 2
left_child=1 3 5 13 8 11 10 18 20 22 -4 16 25 -1 29 17 -2 -12 -5 26 -3 -22 -6 -14 -8 -9 -10 -16 -11 -7
right_child=2 4 6 7 9 14 24 12 19 28 15 -13 23 -15 27 -17 -18 -19 -20 -21 21 -23 -24 -25 -26 -27 -28 -29 -30 -31
leaf_value=-0.90137676036719128 -0.28692355309213913 -0.47515579087393622 0.19243921736311731 -0.59750873980422814 -0.11006552890175954 0.13196361272624044 0.7213116284963248 -0.38748375370221982 -0.15375809112518302 0.2413432862343533 0.33395569877965109 0.15302759018175457 -0.18408873178996146 -0.58132161452220044 0.37022711565451966 0.67903338316324602 -0.013395891472315178 0.57688527584075933 -0.39660464636251036 0.1544640275090933 -0.44533214001428512 -0.16049167221555344 0.099598084616341773 0.029998432581915577 0.9390904998779297 -0.20608600999998009 0.0025522602421622124 0.54269751354500106 0.41762343753467912 0.30652057245373726
leaf_weight=33 35 35 33 48 32 33 37 34 41 28 42 49 24 39 28 37 39 30 51 20 21 26 28 34 20 23 31 27 22 20
leaf_count=33 35 35 33 48 32 33 37 34 41 28 42 49 24 39 28 37 39 30 51 20 21 26 28 34 20 23 31 27 22 20
internal_value=0 -0.24687 0.327246 -0.4288 -0.0636582 0.140424 0.544109 -0.32813 -0.191327 0.138291 0.442306 -0.0249302 -0.185327 -0.728014 0.328744 0.517954 -0.142767 0.435176 -0.494013 -0.0340835 -0.367746 -0.287761 -0.0122225 -0.0585894 0.797725 -0.314288 -0.0864578 0.454894 0.318907 0.197834
internal_weight=0 570 430 286 284 231 199 214 174 110 142 123 115 72 108 109 74 72 99 92 82 47 60 58 57 57 72 55 50 53
internal_count=1000 570 430 286 284 231 199 214 174 110 142 123 115 72 108 109 74 72 99 92 82 47 60 58 57 57 72 55 50 53
is_linear=0
shrinkage=0.05


Tree=14
num_leaves=31
num_cat=0
split_feature=0 4 4 1 1 1 0 0 0 0 1 0 1 1 1 0 0 1 0 1 1 1 1 0 1 1 1 1 1 0
split_gain=29165.4 7752.72 5540.57 3477.27 2572.63 2099.54 2036.87 2036.37 1558.22 1303.78 1215.92 782.677 661.002 534.324 532.85 496.018 372.826 368.39 362.184 313.302 254.408 218.585 205.965 202.073 183.854 182.987 173.963 173.608 143.514 94.2716
threshold=4.5000000000000009 1.0000000180025095e-35 1.0000000180025095e-35 23.500000000000004 33.500000000000007 28.500000000000004 6.5000000000000009 1.5000000000000002 6.5000000000000009 6.5000000000000009 27.500000000000004 2.5000000000000004 24.500000000000004 35.500000000000007 22.500000000000004 3.5000000000000004 8.5000000000000018 10.500000000000002 7.5000000000000009 13.500000000000002 45.500000000000007 12.500000000000002 13.500000000000002 2.5000000000000004 7.5000000000000009 11.500000000000002 34.500000000000007 41.500000000000007 43.500000000000007 7.5000000000000009
decision_type=2 2 2 2 2 2 2 2 2 2 2 2 2 2 2 2 2 2 2 2 2 2 2 2 2 2 2 2 2 2
left_child=2 3 7 8 6 11 19 12 24 26 21 22 -1 29 16 20 -8 -10 27 -3 -7 -9 -4 -12 -2 -13 -5 -6 -15 -11
right_child=1 4 5 9 18 15 14 10 17 13 23 25 -14 28 -16 -17 -18 -19 -20 -21 -22 -23 -24 -25 -26 -27 -28 -29 -30 -31
leaf_value=-0.85630792704495517 -0.42081345885020238 -0.026446947138756519 -0.46906963505091204 -0.071279202198440389 0.49059253416278148 -0.060525174576200935 0.31725791139262066 -0.62173613826433816 -0.093127366354068125 0.13892260712126028 -0.34794457245756083 -0.21863700773927475 -0.55225554383718056 0.36270423659256529 0.66422813733418784 0.2674528453321684 0.54804101685682938 0.13992605958229457 0.80364237361484114 0.20521549866707237 0.1467408174276352 -0.44502616744665868 -0.29208971698369302 -0.18041652781647388 -0.24079465938581004 -0.050672960084150821 0.10456186410708307 0.69413390159606936 0.52583973545294549 0.27918690729141232
leaf_weight=33 23 20 31 22 22 57 42 30 30 23 27 31 39 28 30 21 30 39 36 54 20 42 35 54 37 34 39 20 26 25
leaf_count=33 23 20 31 22 22 57 42 30 30 23 27 31 39 28 30 21 30 39 36 54 20 42 35 54 37 34 39 20 26 25
internal_value=0 0.246227 -0.296123 0.0705048 0.448238 -0.122985 0.342305 -0.472339 -0.123448 0.224001 -0.369151 -0.253931 -0.691613 0.333357 0.487185 0.052055 0.413418 0.0385985 0.687267 0.142604 -0.00668985 -0.518655 -0.375217 -0.236259 -0.309802 -0.130779 0.0411438 0.587517 0.441251 0.211977
internal_weight=0 546 454 292 254 229 176 225 129 163 153 131 72 102 102 98 72 69 78 74 77 72 66 81 60 65 61 42 54 48
internal_count=1000 546 454 292 254 229 176 225 129 163 153 131 72 102 102 98 72 69 78 74 77 72 66 81 60 65 61 42 54 48
is_linear=0
shrinkage=0.05


Tree=15
num_leaves=31
num_cat=0
split_feature=0 4 4 0 0 1 1 1 1 1 1 0 0 0 1 1 1 1 1 1 0 1 1 1 0 0 0 0 2 1
split_gain=26436 6188.43 5680.48 2853.04 2395.44 2360.53 1704.5 1594.86 1503.49 1033.96 966.465 888.254 877.911 599.108 440.596 319.161 295.107 286.041 270.902 260.812 235.694 324.387 213.659 208.096 195.162 162.749 159.73 150.222 143.165 133.843
threshold=5.5000000000000009 1.0000000180025095e-35 1.0000000180025095e-35 2.5000000000000004 3.5000000000000004 26.500000000000004 34.500000000000007 23.500000000000004 31.500000000000004 36.500000000000007 23.500000000000004 7.5000000000000009 7.5000000000000009 7.5000000000000009 14.500000000000002 10.500000000000002 45.500000000000007 16.500000000000004 11.500000000000002 20.500000000000004 1.5000000000000002 10.500000000000002 43.500000000000007 13.500000000000002 3.5000000000000004 3.5000000000000004 1.5000000000000002 2.5000000000000004 2.5000000000000004 40.500000000000007
decision_type=2 2 2 2 2 2 2 2 2 2 2 2 2 2 2 2 2 2 2 2 2 2 2 2 2 2 2 2 2 2
left_child=1 3 5 9 7 11 12 20 19 18 23 14 17 -7 -2 -14 27 -4 -1 24 -3 -22 -8 -6 -5 -10 -20 -9 -17 -15
right_child=2 4 6 8 10 13 22 16 25 -11 -12 -13 15 29 -16 28 -18 -19 26 -21 21 -23 -24 -25 -26 -27 -28 -29 -30 -31
leaf_value=-0.8272921356287869 -0.26229378168072021 -0.43198977649211889 0.13950552629040822 -0.55716952410611242 -0.097721000517776713 0.17810575351532965 0.65157843151608041 -0.14050236833622542 -0.18944092456783568 -0.36114039797531933 0.28702643933892252 0.14090593536289373 0.34112160887037007 0.3359667576849461 -0.016412395670225746 0.4740429721772671 0.13940377916209398 0.35531060266144138 -0.68374252512648304 -0.26339578341805575 -0.40676726450522738 -0.14255397708083575 0.8544177937507631 0.08892684464475939 -0.37545583705107372 -0.022013978026014694 -0.5110925772360394 0.0053555612842882839 0.63259603023529065 0.49198956666169347
leaf_weight=22 35 35 28 22 32 54 37 41 21 38 50 49 21 28 38 24 20 34 37 33 21 26 20 28 45 47 21 31 35 27
leaf_count=22 35 35 28 22 32 54 37 41 21 38 50 49 21 28 38 24 20 34 37 33 21 26 20 28 45 47 21 31 35 27
internal_value=0 -0.223287 0.295986 -0.387459 -0.0579594 0.127311 0.491784 -0.173418 -0.255108 -0.575891 0.124675 -0.0237669 0.399072 0.296408 -0.134301 0.508518 -0.0305054 0.25785 -0.677898 -0.378453 -0.333758 -0.260607 0.72275 -0.0106187 -0.435123 -0.0737194 -0.621231 -0.0777024 0.5681 0.41256
internal_weight=0 570 430 286 284 231 199 174 168 118 110 122 142 109 73 80 92 62 80 100 82 47 57 60 67 68 58 72 59 55
internal_count=1000 570 430 286 284 231 199 174 168 118 110 122 142 109 73 80 92 62 80 100 82 47 57 60 67 68 58 72 59 55
is_linear=0
shrinkage=0.05


Tree=16
num_leaves=31
num_cat=0
split_feature=0 4 4 1 0 1 0 0 1 1 0 1 0 1 1 0 1 1 0 1 0 0 1 1 1 1 1 1 1 0
split_gain=23858.7 6312.65 4517.28 2855.13 2116.28 1725.37 1680.74 1293.29 1271.85 1164.28 1074.11 997.9 639.861 549.085 442.595 423.641 373.056 336.141 312.578 299.607 224.617 190.329 183.744 181.377 172.606 156.44 143.905 125.479 105.563 104.227
threshold=4.5000000000000009 1.0000000180025095e-35 1.0000000180025095e-35 23.500000000000004 6.5000000000000009 28.500000000000004 1.5000000000000002 7.5000000000000009 22.500000000000004 38.500000000000007 6.5000000000000009 27.500000000000004 2.5000000000000004 24.500000000000004 35.500000000000007 1.5000000000000002 45.500000000000007 16.500000000000004 8.5000000000000018 5.5000000000000009 8.5000000000000018 6.5000000000000009 10.500000000000002 43.500000000000007 13.500000000000002 41.500000000000007 11.500000000000002 43.500000000000007 13.500000000000002 3.5000000000000004
decision_type=2 2 2 2 2 2 2 2 2 2 2 2 2 2 2 2 2 2 2 2 2 2 2 2 2 2 2 2 2 2
left_child=2 3 6 7 9 12 13 19 18 17 25 22 24 -1 -12 -7 -17 -3 -6 -2 -10 -21 -8 29 -4 -5 -14 -16 -9 -13
right_child=1 4 5 10 8 15 11 28 20 -11 14 23 26 -15 27 16 -18 -19 -20 21 -22 -23 -24 -25 -26 -27 -28 -29 -30 -31
leaf_value=-0.77626041788043398 -0.36452578140050174 0.013980393124123414 -0.42578328819044176 -0.018669316172599794 0.28413768494058228 -0.13046268996596339 -0.58522435115731286 0.04331391394138337 0.60196807590814738 0.57269715189933779 0.19201413670865197 -0.31364366348005007 -0.1967652575863946 -0.49914108873941959 0.32723644067134178 0.038582621901383944 0.29201688475906851 0.22342598069951222 0.49545260369777683 -0.2249889705239273 0.77972303849679458 -0.045285288017729054 -0.41391515175298771 -0.10082899928092957 -0.26376822583909548 0.15190054506063463 -0.047813827588277708 0.47977725863456727 0.20576612502336503 -0.17128343127667905
leaf_weight=33 25 30 31 41 42 25 23 20 52 20 48 36 31 39 28 53 20 53 30 41 27 23 49 25 35 20 34 26 20 20
leaf_count=33 25 30 31 41 42 25 23 20 52 20 48 36 31 39 28 53 20 53 30 41 27 23 49 25 35 20 34 26 20 20
internal_value=0 0.222703 -0.267832 0.0641384 0.404989 -0.111497 -0.426945 -0.11161 0.524187 0.230242 0.203227 -0.3332 -0.230203 -0.626154 0.302485 0.0471801 0.108017 0.147723 0.372186 -0.217744 0.66272 -0.160408 -0.468639 -0.212809 -0.339866 0.0372552 -0.118852 0.400682 0.12454 -0.262801
internal_weight=0 546 454 292 254 229 225 129 151 103 163 153 131 72 102 98 73 83 72 89 79 64 72 81 66 61 65 54 40 56
internal_count=1000 546 454 292 254 229 225 129 151 103 163 153 131 72 102 98 73 83 72 89 79 64 72 81 66 61 65 54 40 56
is_linear=0
shrinkage=0.05


Tree=17
num_leaves=31
num_cat=0
split_feature=0 4 4 0 0 1 1 1 1 1 1 1 0 0 1 0 0 1 1 1 0 1 0 1 2 0 0 0 0 1
split_gain=21618.8 5043.53 4625.6 2358.33 1990.06 1955.63 1428.52 1304.75 1234.4 867.039 826.619 801.98 711.876 700.658 386.521 282.102 267.769 242.017 226.18 217.068 197.292 279.534 196.791 180.086 166.313 165.052 131.221 123.727 120.977 98.5638
threshold=5.5000000000000009 1.0000000180025095e-35 1.0000000180025095e-35 2.5000000000000004 3.5000000000000004 33.500000000000007 34.500000000000007 23.500000000000004 31.500000000000004 36.500000000000007 10.500000000000002 24.500000000000004 6.5000000000000009 8.5000000000000018 22.500000000000004 8.5000000000000018 7.5000000000000009 45.500000000000007 11.500000000000002 20.500000000000004 1.5000000000000002 10.500000000000002 7.5000000000000009 11.500000000000002 3.5000000000000004 3.5000000000000004 3.5000000000000004 2.5000000000000004 1.5000000000000002 37.500000000000007
decision_type=2 2 2 2 2 2 2 2 2 2 2 2 2 2 2 2 2 2 2 2 2 2 2 2 2 2 2 2 2 2
left_child=1 3 5 9 7 10 12 20 19 18 -2 23 -4 24 15 -14 -7 27 -1 25 -3 -22 -8 -6 -12 -5 -10 -9 -20 -13
right_child=2 4 6 8 11 16 22 17 26 -11 13 29 14 -15 -16 -17 -18 -19 28 -21 21 -23 -24 -25 -26 -27 -28 -29 -30 -31
leaf_value=-0.75136658170006498 -0.17439744531769644 -0.39280433177948004 0.15601108354149443 -0.50550057346170607 -0.098895850564752308 0.20942744488517442 0.55786188885017685 -0.12837714158543728 -0.16935371348545666 -0.32479578499731265 0.084002002629827946 0.20132613725458773 0.26993079902160738 0.35003657624125484 0.55241591898170683 0.47067996725440031 0.39149270226126132 0.1252261404786259 -0.61748311576005577 -0.23659748479046605 -0.37168310043357672 -0.12641558058989735 0.74392810583114632 0.07233695889658788 -0.056667967630844363 -0.33839157463361819 -0.019016089623278762 0.0039947465302482728 -0.46722960699172256 0.34512360939248043
leaf_weight=22 44 35 33 22 28 36 27 41 21 38 47 26 42 20 37 30 46 20 37 33 21 26 30 34 38 45 47 31 21 22
leaf_count=22 44 35 33 22 28 36 27 41 21 38 47 26 42 20 37 30 46 20 37 33 21 26 30 34 38 45 47 31 21 22
internal_value=0 -0.201922 0.267664 -0.350131 -0.0526684 0.115455 0.444349 -0.157905 -0.229801 -0.521449 0.0075299 0.113796 0.359474 0.0837661 0.421072 0.353576 0.311562 -0.0286424 -0.61486 -0.341564 -0.302931 -0.236003 0.655791 -0.00499399 0.0211143 -0.393263 -0.0654439 -0.0713837 -0.563081 0.267233
internal_weight=0 570 430 286 284 231 199 174 168 118 149 110 142 105 109 72 82 92 80 100 82 47 57 62 85 67 68 72 58 48
internal_count=1000 570 430 286 284 231 199 174 168 118 149 110 142 105 109 72 82 92 80 100 82 47 57 62 85 67 68 72 58 48
is_linear=0
shrinkage=0.05


Tree=18
num_leaves=31
num_cat=0
split_feature=0 4 4 0 1 1 0 0 1 1 1 0 1 1 1 0 1 0 1 0 1 1 1 1 1 1 0 2 1 3
split_gain=19524.5 5143.08 3680.37 2371.05 1747.88 1414.09 1388.03 1370.66 1188.46 1159.37 818.485 523.188 456.014 385.27 371.938 359.085 314.037 303.598 257.577 254.597 222.165 160.552 155.861 149.825 149.298 144.629 138.618 115.991 111.903 87.6471
threshold=4.5000000000000009 1.0000000180025095e-35 1.0000000180025095e-35 6.5000000000000009 33.500000000000007 28.500000000000004 1.5000000000000002 6.5000000000000009 18.500000000000004 33.500000000000007 27.500000000000004 2.5000000000000004 24.500000000000004 7.5000000000000009 22.500000000000004 1.5000000000000002 45.500000000000007 8.5000000000000018 43.500000000000007 8.5000000000000018 13.500000000000002 43.500000000000007 10.500000000000002 43.500000000000007 41.500000000000007 13.500000000000002 7.5000000000000009 2.5000000000000004 11.500000000000002 5.5000000000000009
decision_type=2 2 2 2 2 2 2 2 2 2 2 2 2 2 2 2 2 2 2 2 2 2 2 2 2 2 2 2 2 2
left_child=2 3 6 8 7 11 12 20 29 13 22 25 -1 -5 19 -7 -17 27 26 -9 -3 -12 -8 -11 -10 -4 -6 -15 -13 -2
right_child=1 4 5 9 18 15 10 14 24 23 21 28 -14 17 -16 16 -18 -19 -20 -21 -22 -23 -24 -25 -26 -27 -28 -29 -30 -31
leaf_value=-0.70373329827279762 -0.23144714752478257 -0.027493861019611363 -0.38644948657001221 -0.10899047919295052 0.42021895779503721 -0.12107114255428315 -0.53075067582337754 0.25643425923550417 -0.021993313129155007 0.2832481886211195 -0.2387160761281848 -0.17665805819053804 -0.45118991488065474 0.14607940796348784 0.54544297307729728 0.034781853179886656 0.26730652585567444 0.28091560744720961 0.6915170201888452 0.44714596758286157 0.16758577862271556 -0.086325957060325892 -0.37297392519457001 0.43901476630797753 0.14011634171009066 -0.23814493255955835 0.58361026304960262 0.0081480909245354779 -0.045308945777223393 -0.36166060889760654
leaf_weight=33 28 20 31 22 27 25 23 42 49 38 56 31 39 27 30 53 20 23 26 30 54 25 49 26 20 35 25 35 34 24
leaf_count=33 28 20 31 22 27 25 23 42 49 38 56 31 39 27 30 53 20 23 26 30 54 25 49 26 20 35 25 35 34 24
internal_value=0 0.201461 -0.242286 0.058338 0.365997 -0.101175 -0.385906 0.27868 -0.111039 0.17819 -0.300714 -0.208641 -0.566939 0.0775009 0.397529 0.0424775 0.0984872 0.125769 0.563021 0.335897 0.114862 -0.191682 -0.423375 0.346528 0.024995 -0.307803 0.498772 0.068215 -0.107952 -0.291546
internal_weight=0 546 454 292 254 229 225 176 121 171 153 131 72 107 102 98 73 85 78 72 74 81 72 64 69 66 52 62 65 52
internal_count=1000 546 454 292 254 229 225 176 121 171 153 131 72 107 102 98 73 85 78 72 74 81 72 64 69 66 52 62 65 52
is_linear=0
shrinkage=0.05


Tree=19
num_leaves=31
num_cat=0
split_feature=0 4 4 0 0 1 1 1 1 1 1 0 0 0 1 1 1 1 1 1 1 0 1 0 1 2 0 0 1 0
split_gain=17685.9 4099.86 3778.5 1962.14 1646.78 1617.45 1186.78 1067.44 1014.75 726.187 656.476 617.656 595.443 422.647 317.496 240.697 205.509 198.285 188.021 177.881 172.301 165.279 241.285 141.912 133.192 132.271 109.903 101.869 89.506 89.3792
threshold=5.5000000000000009 1.0000000180025095e-35 1.0000000180025095e-35 2.5000000000000004 3.5000000000000004 26.500000000000004 34.500000000000007 23.500000000000004 31.500000000000004 36.500000000000007 23.500000000000004 7.5000000000000009 7.5000000000000009 7.5000000000000009 14.500000000000002 10.500000000000002 16.500000000000004 45.500000000000007 11.500000000000002 20.500000000000004 43.500000000000007 1.5000000000000002 10.500000000000002 3.5000000000000004 11.500000000000002 2.5000000000000004 3.5000000000000004 2.5000000000000004 40.500000000000007 1.5000000000000002
decision_type=2 2 2 2 2 2 2 2 2 2 2 2 2 2 2 2 2 2 2 2 2 2 2 2 2 2 2 2 2 2
left_child=1 3 5 9 7 11 12 21 19 18 24 14 16 -7 -2 -14 -4 27 -1 23 -8 -3 -23 -5 -6 -17 -10 -9 -15 -20
right_child=2 4 6 8 10 13 20 17 26 -11 -12 -13 15 28 -16 25 -18 -19 29 -21 -22 22 -24 -25 -26 -27 -28 -29 -30 -31
leaf_value=-0.68247389251535595 -0.22135428207261221 -0.35723145827651026 0.10780796461871692 -0.45870818306099292 -0.087781801207789362 0.14513751857534604 0.53059503999916291 -0.11728068171750482 -0.15257855703433354 -0.29255382563722765 0.23716775053739547 0.1167872373318794 0.26918859496003106 0.27942434400320054 -0.012629109268125736 0.37589367597053447 0.29072873971479785 0.11239611652679743 -0.55756523907184607 -0.21281427791285698 0.71274742960929871 -0.3397705215428557 -0.11190025784934943 -0.30375515811973153 0.061542588612064721 0.52829498682703291 -0.014993669742599448 0.0028309873515559784 0.40701429865978378 -0.42841604834511166
leaf_weight=22 35 35 28 22 28 54 37 41 21 38 50 49 21 28 38 24 34 20 37 33 20 21 26 45 32 35 47 31 27 21
leaf_count=22 35 35 28 22 28 54 37 41 21 38 50 49 21 28 38 24 34 20 37 33 20 21 26 45 32 35 47 31 27 21
internal_value=0 -0.182633 0.242095 -0.31626 -0.0480657 0.104528 0.401784 -0.143796 -0.206502 -0.472526 0.103362 -0.0205306 0.324423 0.244502 -0.112703 0.414559 0.208119 -0.0268785 -0.558013 -0.307834 0.594508 -0.274972 -0.213715 -0.354635 -0.00814213 0.466301 -0.0574831 -0.0655659 0.342059 -0.510804
internal_weight=0 570 430 286 284 231 199 174 168 118 110 122 142 109 73 80 62 92 80 100 57 82 47 67 60 59 68 72 55 58
internal_count=1000 570 430 286 284 231 199 174 168 118 110 122 142 109 73 80 62 92 80 100 57 82 47 67 60 59 68 72 55 58
is_linear=0
shrinkage=0.05


Tree=20
num_leaves=31
num_cat=0
split_feature=0 4 4 1 0 0 1 0 1 1 1 0 0 1 1 0 1 1 0 0 1 0 0 1 1 1 0 1 1 3
split_gain=15970.7 4188.33 3000.08 1962.04 1447.24 1196.3 1162.89 1147 885.668 781.497 674.074 575.632 426.601 380.344 311.097 305.744 267.849 234.75 213.186 192.749 168.659 160.469 155.216 126.695 123.157 116.815 86.4255 79.4644 78.4474 71.0427
threshold=4.5000000000000009 1.0000000180025095e-35 1.0000000180025095e-35 16.500000000000004 6.5000000000000009 7.5000000000000009 28.500000000000004 1.5000000000000002 22.500000000000004 38.500000000000007 28.500000000000004 6.5000000000000009 2.5000000000000004 20.500000000000004 43.500000000000007 1.5000000000000002 45.500000000000007 16.500000000000004 8.5000000000000018 8.5000000000000018 24.500000000000004 8.5000000000000018 3.5000000000000004 43.500000000000007 10.500000000000002 7.5000000000000009 3.5000000000000004 7.5000000000000009 35.500000000000007 6.5000000000000009
decision_type=2 2 2 2 2 2 2 2 2 2 2 2 2 2 2 2 2 2 2 2 2 2 2 2 2 2 2 2 2 2
left_child=2 3 7 11 9 14 12 13 18 17 22 27 24 -1 20 -8 -17 -3 -6 29 -5 -7 -9 -12 -4 -13 -14 -2 -15 -10
right_child=1 4 6 5 8 21 15 10 19 -11 23 25 26 28 -16 16 -18 -19 -20 -21 -22 -23 -24 -25 -26 -27 -28 -29 -30 -31
leaf_value=-0.6532993415306354 -0.32550859950158911 0.0068048955251773201 -0.37870523588997979 -0.092846814596227234 0.22970244935491968 0.24218019378739736 -0.11236902812123301 -0.42339113312509824 0.55683086507699708 0.46674694955348972 -0.21091703026025904 -0.10092677677219564 -0.15863974352757779 -0.49141178488731385 0.21897078427401456 0.031392577796612149 0.24613789405673742 0.18183539240568314 0.40421637475490568 0.65324789683024098 0.051496111481029498 0.39285189390182496 -0.27012696812550224 -0.073512195333838459 -0.2320640748159753 0.05303506671916694 -0.043207435046925265 -0.19407469669113989 -0.35601305158241936 0.43853778272867205
leaf_weight=29 23 30 21 28 42 43 25 53 22 20 51 22 31 20 22 53 20 53 30 27 73 30 24 25 45 28 34 23 23 30
leaf_count=29 23 30 21 28 42 43 25 53 22 20 51 22 31 20 22 53 20 53 30 27 73 30 24 25 45 28 34 23 23 30
internal_value=0 0.182207 -0.21913 0.0530491 0.330687 0.143756 -0.0917259 -0.348798 0.429259 0.186178 -0.271355 -0.132144 -0.18918 -0.513364 0.0485924 0.0385443 0.0902269 0.118571 0.302417 0.544862 0.0114803 0.3041 -0.37562 -0.165718 -0.278723 -0.0147081 -0.0982598 -0.259792 -0.418989 0.488585
internal_weight=0 546 454 292 254 196 229 225 151 103 153 96 131 72 123 98 73 83 72 79 101 73 77 76 66 50 65 46 43 52
internal_count=1000 546 454 292 254 196 229 225 151 103 153 96 131 72 123 98 73 83 72 79 101 73 77 76 66 50 65 46 43 52
is_linear=0
shrinkage=0.05


Tree=21
num_leaves=31
num_cat=0
split_feature=0 4 4 0 0 1 1 1 1 1 1 1 0 0 1 1 1 1 1 2 1 0 1 1 1 2 2 0 0 0
split_gain=14487.5 3349.54 3068.38 1615.04 1350.96 1346.42 997.993 870.969 830.57 606.706 588.067 561.469 509.174 482.666 203.462 201.895 185.741 167.126 161.011 160.233 206.067 157.966 154.339 152.169 150.661 129.327 120.42 113.663 102.389 89.8721
threshold=5.5000000000000009 1.0000000180025095e-35 1.0000000180025095e-35 2.5000000000000004 3.5000000000000004 33.500000000000007 34.500000000000007 23.500000000000004 31.500000000000004 39.500000000000007 10.500000000000002 26.500000000000004 8.5000000000000018 7.5000000000000009 43.500000000000007 10.500000000000002 11.500000000000002 16.500000000000004 45.500000000000007 1.5000000000000002 10.500000000000002 7.5000000000000009 43.500000000000007 20.500000000000004 13.500000000000002 3.5000000000000004 2.5000000000000004 3.5000000000000004 1.5000000000000002 3.5000000000000004
decision_type=2 2 2 2 2 2 2 2 2 2 2 2 2 2 2 2 2 2 2 2 2 2 2 2 2 2 2 2 2 2
left_child=1 3 5 9 7 10 13 19 23 16 -2 24 25 17 21 -15 -1 -4 -9 -3 -21 -7 -8 27 -6 -12 -17 -5 -18 -10
right_child=2 4 6 8 11 14 22 18 29 -11 12 -13 -14 15 -16 26 28 -19 -20 20 -22 -23 -24 -25 -26 -27 -28 -29 -30 -31
leaf_value=-0.61986539336768065 -0.14785238771953366 -0.36798406995478133 0.096902916580438619 -0.41460321220484647 -0.0730324562638998 0.09459581686691805 0.47925814873463396 -0.059621839504688981 -0.13767532094470447 -0.23367305579284828 0.071943362540704145 0.24003488810778395 0.29688448265194894 0.2400889487493606 0.35631509334780276 0.33435328217844168 -0.50073766606609993 0.26185937786803531 0.10074328768067063 -0.31097798192942583 -0.12595817218808567 0.2736344846231597 0.65165520787239073 -0.19029156907715583 0.075123395685207206 -0.052102897022115562 0.47976733395031523 -0.27592759517745841 -0.37235518065094952 -0.013258739164535037
leaf_weight=22 44 21 28 22 32 22 37 72 21 30 47 41 20 21 32 24 41 34 20 27 34 28 20 33 37 38 35 45 25 47
leaf_count=22 44 21 28 22 32 22 37 72 21 30 47 41 20 21 32 24 41 34 20 27 34 28 20 33 37 38 35 45 25 47
internal_value=0 -0.165296 0.219114 -0.286078 -0.0436641 0.0951453 0.363017 -0.130371 -0.1865 -0.42785 0.00559472 0.0934905 0.0698964 0.292075 0.257865 0.373228 -0.494047 0.187363 -0.0247599 -0.248862 -0.207852 0.194857 0.539748 -0.278176 0.00641344 0.0164874 0.420616 -0.321463 -0.452108 -0.0516815
internal_weight=0 570 430 286 284 231 199 174 168 118 149 110 105 142 82 80 88 62 92 82 61 50 57 100 69 85 59 67 66 68
internal_count=1000 570 430 286 284 231 199 174 168 118 149 110 105 142 82 80 88 62 92 82 61 50 57 100 69 85 59 67 66 68
is_linear=0
shrinkage=0.05


Tree=22
num_leaves=31
num_cat=0
split_feature=0 4 4 0 0 1 1 1 1 1 0 1 0 0 1 1 2 0 1 0 1 0 0 1 1 1 0 0 0 1
split_gain=13075 3022.96 2769.22 1457.57 1260.1 1223.23 900.688 749.589 656.663 547.552 476.662 465.509 444.679 316.862 291.549 207.743 291.285 202.664 192.663 178.092 167.631 152.799 141.66 138.172 110.013 99.7892 92.4057 85.8202 81.1096 73.8979
threshold=5.5000000000000009 1.0000000180025095e-35 1.0000000180025095e-35 2.5000000000000004 2.5000000000000004 26.500000000000004 34.500000000000007 31.500000000000004 24.500000000000004 39.500000000000007 6.5000000000000009 29.500000000000004 8.5000000000000018 7.5000000000000009 45.500000000000007 7.5000000000000009 2.5000000000000004 6.5000000000000009 22.500000000000004 3.5000000000000004 11.500000000000002 7.5000000000000009 3.5000000000000004 18.500000000000004 11.500000000000002 12.500000000000002 1.5000000000000002 6.5000000000000009 3.5000000000000004 40.500000000000007
decision_type=2 2 2 2 2 2 2 2 2 2 2 2 2 2 2 2 2 2 2 2 2 2 2 2 2 2 2 2 2 2
left_child=1 3 5 9 11 10 12 23 19 20 -2 25 17 27 22 -12 -17 -4 -19 -6 -1 -8 -10 -5 -21 -3 -22 -7 -9 -15
right_child=2 4 6 7 8 13 21 28 14 -11 15 -13 -14 29 -16 16 -18 18 -20 24 26 -23 -24 -25 -26 -27 -28 -29 -30 -31
leaf_value=-0.58887212140993639 -0.17418664114815849 -0.32678430357149674 0.11727172804601266 -0.30930877422529557 -0.15893480628728868 0.058190512776374818 0.42646863504692362 -0.13079155651586397 0.0093577332280833144 -0.22198940525452296 -0.088487819853154098 -0.044201807435168779 0.40952086350457234 0.23967278110129492 0.30978564083576204 0.20719849074195171 -0.0057309201401140961 0.20571493126806761 0.38574155983717545 -0.078473791179879182 -0.47570078271191296 0.59042398691177367 0.1587923273231302 -0.18757567181176432 0.055360947023419774 -0.20371286006644371 -0.35373741609975701 0.18460376460490557 -0.012595801594409537 0.35560563775124376
leaf_weight=22 35 28 33 63 27 25 27 21 29 30 22 43 44 28 20 29 36 42 23 28 41 30 35 37 34 40 25 29 47 27
leaf_count=22 35 28 33 63 27 25 27 21 29 30 22 43 44 28 20 29 36 42 23 28 41 30 35 37 34 40 25 29 47 27
internal_value=0 -0.157032 0.208158 -0.271774 -0.0414809 0.0903881 0.344866 -0.177175 0.042882 -0.406458 -0.0183674 -0.172965 0.277472 0.212114 0.143153 0.0443185 0.0892684 0.218184 0.269417 -0.0517554 -0.469345 0.512761 0.0910798 -0.264268 -0.00508055 -0.254389 -0.429503 0.126079 -0.0490974 0.296585
internal_weight=0 570 430 286 284 231 199 168 173 118 122 111 142 109 84 87 65 98 65 89 88 57 64 100 62 68 66 54 68 55
internal_count=1000 570 430 286 284 231 199 168 173 118 122 111 142 109 84 87 65 98 65 89 88 57 64 100 62 68 66 54 68 55
is_linear=0
shrinkage=0.05


Tree=23
num_leaves=31
num_cat=0
split_feature=0 4 4 0 0 1 0 1 1 1 1 1 1 0 0 0 1 1 1 0 0 1 1 1 1 3 0 3 2 3
split_gain=11865.1 3074.19 2212.75 1501.94 1079.06 867.416 860.361 750.106 720.08 685.923 588.648 510.096 295.968 295.063 245.461 240.962 212.229 180.508 176.839 167.405 156.579 130.003 111.635 108.466 102.754 93.196 90.1663 79.7311 79.0402 66.3339
threshold=4.5000000000000009 1.0000000180025095e-35 1.0000000180025095e-35 6.5000000000000009 6.5000000000000009 20.500000000000004 1.5000000000000002 18.500000000000004 33.500000000000007 22.500000000000004 38.500000000000007 28.500000000000004 20.500000000000004 2.5000000000000004 1.5000000000000002 8.5000000000000018 15.500000000000002 16.500000000000004 35.500000000000007 8.5000000000000018 8.5000000000000018 10.500000000000002 43.500000000000007 43.500000000000007 41.500000000000007 6.5000000000000009 3.5000000000000004 5.5000000000000009 3.5000000000000004 6.5000000000000009
decision_type=2 2 2 2 2 2 2 2 2 2 2 2 2 2 2 2 2 2 2 2 2 2 2 2 2 2 2 2 2 2
left_child=2 3 6 7 10 14 12 27 15 20 17 21 -1 25 -4 16 -5 -3 -15 29 -6 -8 -10 -13 -9 -7 -16 -2 -18 -11
right_child=1 4 5 8 9 13 11 24 22 19 -12 23 -14 18 26 -17 28 -19 -20 -21 -22 -23 -24 -25 -26 -27 -28 -29 -30 -31
leaf_value=-0.56620521144620306 -0.1744936730180468 0.0027949438616633416 -0.31051203649370906 -0.079628894105553627 0.19542918551181043 -0.0069826091711337746 -0.42341364518455837 -0.019319077550756691 0.21983014382238159 0.48460633267055864 0.40297940254211428 -0.18309103677085803 -0.35951222541720368 0.003442897079955964 -0.18506599022075534 0.18548845186315735 0.14657934883236887 0.15627729177193822 0.16088265094064899 0.57211697013289842 0.34498992354919511 -0.28146514692516239 0.35428648353196107 -0.0559550684094429 0.11516836084425451 -0.13195463855351722 -0.062478422497709601 -0.29868774097412826 0.013222539983689786 0.37030072848002121
leaf_weight=29 28 30 31 33 42 26 23 49 38 22 20 51 43 42 40 29 25 53 31 27 30 54 26 25 20 35 24 24 20 30
leaf_count=29 28 30 31 33 42 26 23 49 38 22 20 51 43 42 40 29 25 53 31 27 30 54 26 25 20 35 24 24 20 30
internal_value=0 0.15705 -0.188875 0.0463964 0.284257 -0.0794585 -0.300236 -0.0884099 0.141786 0.369372 0.159477 -0.233164 -0.442764 0.00247764 -0.195032 0.0624331 0.0166818 0.100802 0.0703009 0.471108 0.257746 -0.323865 0.274453 -0.14127 0.0196628 -0.0786879 -0.139096 -0.231814 0.0873097 0.418661
internal_weight=0 546 454 292 254 229 225 121 171 151 103 153 72 134 95 107 78 83 73 79 72 77 64 76 69 61 64 52 45 52
internal_count=1000 546 454 292 254 229 225 121 171 151 103 153 72 134 95 107 78 83 73 79 72 77 64 76 69 61 64 52 45 52
is_linear=0
shrinkage=0.05


Tree=24
num_leaves=31
num_cat=0
split_feature=0 4 4 0 1 1 0 0 1 1 1 0 1 0 1 1 1 1 2 1 1 1 1 1 1 0 0 0 3 2
split_gain=10708.2 2774.45 1997.01 1355.5 989.38 787.229 776.476 760.6 676.971 651.461 460.751 313.39 268.172 228.68 225.891 201.395 191.258 179.291 249.872 155.668 145.428 133.35 108.334 106.372 94.9799 82.9721 81.3289 74.231 71.9573 68.1054
threshold=4.5000000000000009 1.0000000180025095e-35 1.0000000180025095e-35 6.5000000000000009 33.500000000000007 28.500000000000004 1.5000000000000002 6.5000000000000009 18.500000000000004 27.500000000000004 27.500000000000004 1.5000000000000002 24.500000000000004 1.5000000000000002 17.500000000000004 45.500000000000007 43.500000000000007 7.5000000000000009 2.5000000000000004 43.500000000000007 10.500000000000002 13.500000000000002 43.500000000000007 10.500000000000002 34.500000000000007 8.5000000000000018 7.5000000000000009 7.5000000000000009 5.5000000000000009 2.5000000000000004
decision_type=2 2 2 2 2 2 2 2 2 2 2 2 2 2 2 2 2 2 2 2 2 2 2 2 2 2 2 2 2 2
left_child=2 3 6 8 7 11 12 21 28 17 23 -4 -1 -7 25 -15 27 -5 -19 26 -13 -3 -12 -8 -10 -9 -11 -6 -2 -22
right_child=1 4 5 9 16 13 10 14 24 19 22 20 -14 15 -16 -17 -18 18 -20 -21 29 -23 -24 -25 -26 -27 -28 -29 -30 -31
leaf_value=-0.5255278993736614 -0.16576898768544199 -0.02797124322503805 -0.27444676098724208 -0.083697223273867916 0.30543011057156105 -0.098818229537457225 -0.40224295077116595 0.17602379395428935 -0.04820602541168531 0.10770409697666766 -0.17833643071353436 -0.18196066166903524 -0.33186172539224995 0.025378008540016862 0.37831339233300909 0.21158789336681366 0.52900249545390787 0.18769474299003683 -0.0076892140838834971 0.33657215283467223 -0.1218992222439159 0.12316575916828934 -0.053157317221164707 -0.27189964414859308 0.070130167977932173 0.29678376342356205 0.2328492772035502 0.42499738860130309 -0.28375335433520377 -0.0083265925447146109
leaf_weight=33 28 20 39 22 27 25 23 33 30 20 56 37 39 53 44 20 26 30 36 26 22 54 25 49 39 25 37 25 24 33
leaf_count=33 28 20 39 22 27 25 23 33 30 20 56 37 39 53 44 20 26 30 36 26 22 54 25 49 39 25 37 25 24 33
internal_value=0 0.149197 -0.179431 0.0440766 0.270045 -0.0754856 -0.285224 0.204351 -0.0839894 0.134696 -0.221506 -0.155668 -0.420625 0.0316973 0.292884 0.0763944 0.418277 0.039917 0.0811217 0.235185 -0.105316 0.0823179 -0.139701 -0.313537 0.0186796 0.228076 0.188939 0.362914 -0.220223 -0.0537556
internal_weight=0 546 454 292 254 229 225 176 121 171 153 131 72 98 102 73 78 88 66 83 92 74 81 72 69 58 57 52 52 55
internal_count=1000 546 454 292 254 229 225 176 121 171 153 131 72 98 102 73 78 88 66 83 92 74 81 72 69 58 57 52 52 55
is_linear=0
shrinkage=0.05


Tree=25
num_leaves=31
num_cat=0
split_feature=0 4 4 0 0 1 0 1 1 1 1 1 1 1 0 1 0 1 1 1 0 2 3 3 1 2 1 1 0 1
split_gain=9678.86 2216.26 2043.82 1120.31 943.983 918.188 716.039 697.941 555.516 485.915 433.72 397.79 356.637 355.787 253.564 218.26 134.99 125.727 124.457 113.929 113.292 107.759 105.576 99.534 96.2805 90.0557 141.655 79.8685 63.0507 60.3087
threshold=5.5000000000000009 1.0000000180025095e-35 1.0000000180025095e-35 2.5000000000000004 2.5000000000000004 10.500000000000002 8.5000000000000018 34.500000000000007 31.500000000000004 24.500000000000004 39.500000000000007 43.500000000000007 6.5000000000000009 29.500000000000004 8.5000000000000018 45.500000000000007 3.5000000000000004 11.500000000000002 43.500000000000007 25.500000000000004 3.5000000000000004 2.5000000000000004 3.5000000000000004 5.5000000000000009 12.500000000000002 2.5000000000000004 12.500000000000002 11.500000000000002 3.5000000000000004 5.5000000000000009
decision_type=2 2 2 2 2 2 2 2 2 2 2 2 2 2 2 2 2 2 2 2 2 2 2 2 2 2 2 2 2 2
left_child=1 3 5 10 13 29 11 12 22 16 17 19 -4 25 23 20 -6 -1 -9 21 -11 -7 -5 -14 -24 -3 -27 -18 -10 -2
right_child=2 4 7 8 9 6 -8 18 28 15 -12 -13 14 -15 -16 -17 27 -19 -20 -21 -22 -23 24 -25 -26 26 -28 -29 -30 -31
leaf_value=-0.51091729500754324 -0.18612373482266611 -0.3016406814689222 0.041509408205747611 -0.14301015957358429 -0.13787188430627187 0.073353568481450734 0.32665414897104106 0.39001670326735521 -0.11218810755582083 0.0049667709796079283 -0.18725480131804945 0.25644259091753224 0.28244939214653442 -0.037401508176049522 0.37445577165255184 0.26728015564382079 -0.066458060831895899 -0.37289728964820057 0.54482775688171381 0.083801443113812379 0.13860345835132257 -0.069506133483214813 -0.32392565342447455 0.17196662150164868 -0.2071552982917283 -0.27072453112764794 -0.093257754101701409 0.047576127245145684 -0.0079777349836807308 -0.069048834253441202
leaf_weight=22 22 23 20 28 27 22 36 37 21 29 30 26 36 43 39 20 28 66 20 70 35 33 31 47 41 22 23 34 47 22
leaf_count=22 22 23 20 28 27 22 36 37 21 29 30 26 36 43 39 20 28 66 20 70 35 33 31 47 41 22 23 34 47 22
internal_value=0 -0.135107 0.179096 -0.233354 -0.0361686 0.0779196 0.126274 0.296541 -0.150418 0.0368496 -0.351433 0.0785012 0.237215 -0.149972 0.269298 0.123104 -0.0445593 -0.407402 0.444336 0.0414894 0.0780493 -0.0123623 -0.225393 0.219887 -0.257431 -0.221156 -0.180019 -0.00392318 -0.0401604 -0.127586
internal_weight=0 570 430 286 284 231 187 199 168 173 118 151 142 111 122 84 89 88 57 125 64 55 100 83 72 68 45 62 68 44
internal_count=1000 570 430 286 284 231 187 199 168 173 118 151 142 111 122 84 89 88 57 125 64 55 100 83 72 68 45 62 68 44
is_linear=0
shrinkage=0.05


Tree=26
num_leaves=31
num_cat=0
split_feature=0 4 4 0 0 0 1 1 1 1 1 1 0 0 1 0 1 0 1 0 0 1 1 3 1 1 1 3 2 3
split_gain=8766.47 2258.84 1628.59 1130.35 831.149 650.295 646.006 561.148 542.386 539.174 423.987 383.137 233.548 229.602 225.895 191.489 163.223 142.981 138.482 120.407 118.642 102.426 88.1825 86.9598 84.1469 81.3488 81.1736 63.0975 62.4185 59.5033
threshold=4.5000000000000009 1.0000000180025095e-35 1.0000000180025095e-35 6.5000000000000009 6.5000000000000009 1.5000000000000002 23.500000000000004 18.500000000000004 33.500000000000007 22.500000000000004 38.500000000000007 28.500000000000004 1.5000000000000002 2.5000000000000004 20.500000000000004 8.5000000000000018 15.500000000000002 8.5000000000000018 16.500000000000004 8.5000000000000018 3.5000000000000004 10.500000000000002 35.500000000000007 6.5000000000000009 43.500000000000007 41.500000000000007 43.500000000000007 5.5000000000000009 3.5000000000000004 6.5000000000000009
decision_type=2 2 2 2 2 2 2 2 2 2 2 2 2 2 2 2 2 2 2 2 2 2 2 2 2 2 2 2 2 2
left_child=2 3 5 7 10 14 12 27 15 19 18 20 -4 23 -1 16 -5 29 -3 -6 -7 -14 -15 -8 -13 -9 -10 -2 -18 -11
right_child=1 4 6 8 9 11 13 25 26 17 -12 24 21 22 -16 -17 28 -19 -20 -21 -22 -23 -24 -25 -26 -27 -28 -29 -30 -31
leaf_value=-0.48964218188976427 -0.14984590661312855 -0.0011168920248746874 -0.26087518138544902 -0.071221626391916565 0.16512108510803611 -0.31994769539473195 0.012693074863889944 -0.018014557294699609 0.1914573193772843 0.42292163629423496 0.34118090897798536 -0.15676944262768125 -0.16573022338184151 0.020424362103785239 -0.30906757102456206 0.16372371809235936 0.12785006344318392 0.50228411643593407 0.13331632679855485 0.29627359587699176 -0.18595197408770522 -0.050986231281989959 0.13968453287116941 -0.11562305840273057 -0.044789364635944372 0.10164766522590073 0.3061112754620039 -0.26032831563303865 0.0093420352041721343 0.31466109444697699
leaf_weight=29 28 30 35 33 42 53 23 49 38 22 20 51 37 31 43 29 25 27 53 30 24 41 31 31 25 20 26 24 20 30
leaf_count=29 28 30 35 33 42 53 23 49 38 22 20 51 37 31 43 29 25 27 53 30 24 41 31 31 25 20 26 24 20 30
internal_value=0 0.134994 -0.162349 0.0401429 0.244035 -0.257887 -0.0684807 -0.0768043 0.122895 0.318736 0.134523 -0.199575 -0.153567 0.0144052 -0.381799 0.0540259 0.0132408 0.408934 0.084726 0.219768 -0.278183 -0.105416 0.0800544 -0.0609699 -0.119934 0.0166701 0.238035 -0.200838 0.0751798 0.360464
internal_weight=0 546 454 292 254 225 229 121 171 151 103 153 113 116 72 107 78 79 83 72 77 78 62 54 76 69 64 52 45 52
internal_count=1000 546 454 292 254 225 229 121 171 151 103 153 113 116 72 107 78 79 83 72 77 78 62 54 76 69 64 52 45 52
is_linear=0
shrinkage=0.05


Tree=27
num_leaves=31
num_cat=0
split_feature=0 4 4 0 0 0 1 1 1 1 1 1 0 1 1 0 1 2 0 1 2 1 1 0 1 1 1 0 0 3
split_gain=7911.74 2038.61 1469.8 1020.14 750.112 586.891 583.27 510.419 493.84 486.604 382.649 346.96 205.575 226.141 204.392 173.945 133.015 209.938 129.04 124.98 115.428 171.529 113.477 108.667 90.0854 83.674 69.9032 67.6079 65.9092 53.7017
threshold=4.5000000000000009 1.0000000180025095e-35 1.0000000180025095e-35 6.5000000000000009 6.5000000000000009 1.5000000000000002 20.500000000000004 25.500000000000004 27.500000000000004 22.500000000000004 38.500000000000007 27.500000000000004 1.5000000000000002 45.500000000000007 24.500000000000004 3.5000000000000004 7.5000000000000009 2.5000000000000004 8.5000000000000018 16.500000000000004 2.5000000000000004 10.500000000000002 43.500000000000007 8.5000000000000018 12.500000000000002 43.500000000000007 7.5000000000000009 3.5000000000000004 7.5000000000000009 6.5000000000000009
decision_type=2 2 2 2 2 2 2 2 2 2 2 2 2 2 2 2 2 2 2 2 2 2 2 2 2 2 2 2 2 2
left_child=2 3 5 7 10 14 15 26 16 23 19 24 -8 27 -1 20 -5 -18 29 -3 -4 -22 28 -6 -7 -13 -2 -14 -10 -11
right_child=1 4 6 8 9 11 12 -9 22 18 -12 25 13 -15 -16 -17 17 -19 -20 -21 21 -23 -24 -25 -26 -27 -28 -29 -30 -31
leaf_value=-0.45429123152386064 -0.24095451443091684 -0.0010610483586788177 -0.28564201784133914 -0.072243607857010589 0.15686503145843744 -0.33563394196021062 -0.10621234431411282 0.034063825570046904 0.09162748660892249 0.40177555019882594 0.32412186712026597 -0.15256283194758 -0.02928618230579192 0.18809773505665361 -0.28521645565827691 -0.043459124304354196 0.16740703645627947 -0.011684767384496001 0.47716991194972291 0.1266505076778385 -0.24460650477558377 -0.051320472562854935 0.29080571904778479 0.28145991335312526 -0.22219080470413682 -0.042549897313117979 -0.13156016847118734 0.070752563824256265 0.20428614954690674 0.29892803976933163
leaf_weight=33 23 30 25 22 42 30 33 58 20 22 20 56 57 20 39 24 30 36 27 53 24 22 26 30 42 25 40 24 37 30
leaf_count=33 23 30 25 22 42 30 33 58 20 22 20 56 57 20 39 24 30 36 27 53 24 22 26 30 42 25 40 24 37 30
internal_value=0 0.128244 -0.154232 0.0381357 0.231833 -0.244993 -0.0650567 -0.0729641 0.11675 0.302799 0.127797 -0.189597 0.00213206 0.0375317 -0.362709 -0.159828 0.0342295 0.0697206 0.388487 0.0804897 -0.199164 -0.152165 0.204242 0.20878 -0.269459 -0.118608 -0.171498 0.000354928 0.164757 0.34244
internal_weight=0 546 454 292 254 225 229 121 171 151 103 153 134 101 72 95 88 66 79 83 71 46 83 72 72 81 63 81 57 52
internal_count=1000 546 454 292 254 225 229 121 171 151 103 153 134 101 72 95 88 66 79 83 71 46 83 72 72 81 63 81 57 52
is_linear=0
shrinkage=0.05


Tree=28
num_leaves=31
num_cat=0
split_feature=0 0 4 4 1 4 0 1 1 1 1 1 1 1 0 1 0 1 0 1 1 0 0 3 1 2 2 1 1 3
split_gain=7154.48 1638.99 1505.08 871.879 707.849 687.333 599.659 548.65 422.872 363.189 342.781 294.871 292.26 279.241 179.304 152.49 122.164 111.128 103.235 109.539 95.0904 83.841 82.3642 80.3802 78.1025 80.7523 75.8274 112.854 69.0086 66.0821
threshold=5.5000000000000009 2.5000000000000004 1.0000000180025095e-35 1.0000000180025095e-35 10.500000000000002 1.0000000180025095e-35 8.5000000000000018 34.500000000000007 20.500000000000004 26.500000000000004 39.500000000000007 43.500000000000007 6.5000000000000009 29.500000000000004 8.5000000000000018 45.500000000000007 3.5000000000000004 43.500000000000007 3.5000000000000004 36.500000000000007 11.500000000000002 3.5000000000000004 3.5000000000000004 5.5000000000000009 25.500000000000004 2.5000000000000004 2.5000000000000004 12.500000000000002 11.500000000000002 5.5000000000000009
decision_type=2 2 2 2 2 2 2 2 2 2 2 2 2 2 2 2 2 2 2 2 2 2 2 2 2 2 2 2 2 2
left_child=1 5 4 8 -2 10 11 12 22 16 20 24 -4 26 23 21 -5 -9 -10 -20 -1 -11 -3 -14 25 -6 -7 -28 -18 -24
right_child=2 3 7 9 6 13 -8 17 18 15 -12 -13 14 -15 -16 -17 28 -19 19 -21 -22 -23 29 -25 -26 -27 27 -29 -30 -31
leaf_value=-0.44341752339493151 -0.11328240221535618 -0.30449365553530783 0.025000254064798357 -0.12010390056031091 0.063641169802709063 -0.26722532588502634 0.2929863440907664 0.33447392383539998 -0.12968487633845291 0.010447056910821371 -0.15768170965525011 0.21909621564241558 0.24587845428484598 -0.03058016681393912 0.31963593677068369 0.23246422883123163 -0.056782123313418455 0.4807599547505379 -0.094403495490550993 0.036678923940395611 -0.32338573170656509 0.13280557276947158 -0.12718667269319944 0.14659351164356191 0.069060750848480637 -0.06002769273790446 -0.23658516710116106 -0.078183853237525289 0.045047787304331621 -0.24839793091470544
leaf_weight=22 44 22 20 28 22 23 36 37 37 28 30 26 36 43 39 20 28 20 30 34 66 28 23 47 70 33 22 23 41 22
leaf_count=22 44 22 20 28 22 23 36 37 37 28 30 26 36 43 39 20 28 20 30 34 66 28 23 47 70 33 22 23 41 22
internal_value=0 -0.11616 0.153979 -0.0466797 0.067156 -0.219622 0.109612 0.254764 -0.127811 0.032107 -0.303636 0.0658937 0.202164 -0.130308 0.231208 0.113952 -0.0320191 0.385802 -0.0632016 -0.024766 -0.353394 0.0716263 -0.225208 0.189657 0.0340276 -0.0105601 -0.193372 -0.155624 0.0037255 -0.186446
internal_weight=0 570 430 341 231 229 187 199 168 173 118 151 142 111 122 76 97 57 101 64 88 56 67 83 125 55 68 45 69 45
internal_count=1000 570 430 341 231 229 187 199 168 173 118 151 142 111 122 76 97 57 101 64 88 56 67 83 125 55 68 45 69 45
is_linear=0
shrinkage=0.05


Tree=29
num_leaves=31
num_cat=0
split_feature=0 0 4 4 4 1 1 1 1 1 1 1 1 0 2 1 0 1 0 1 0 1 1 3 0 3 0 1 2 3
split_gain=6522.94 2068.55 953.553 904.159 877.098 515.104 422.513 415.011 412.021 409.153 402.241 168.228 125.361 124.886 118.109 152.46 117.542 114.338 106.287 99.402 97.9198 92.7312 92.1971 91.228 89.372 55.3961 55.1907 53.9636 49.4683 41.2188
threshold=6.5000000000000009 3.5000000000000004 1.0000000180025095e-35 1.0000000180025095e-35 1.0000000180025095e-35 18.500000000000004 33.500000000000007 28.500000000000004 22.500000000000004 27.500000000000004 22.500000000000004 11.500000000000002 41.500000000000007 1.5000000000000002 2.5000000000000004 10.500000000000002 1.5000000000000002 41.500000000000007 8.5000000000000018 15.500000000000002 8.5000000000000018 43.500000000000007 42.500000000000007 3.5000000000000004 8.5000000000000018 5.5000000000000009 7.5000000000000009 43.500000000000007 2.5000000000000004 7.5000000000000009
decision_type=2 2 2 2 2 2 2 2 2 2 2 2 2 2 2 2 2 2 2 2 2 2 2 2 2 2 2 2 2 2
left_child=1 2 7 9 5 25 11 13 24 18 14 -6 23 29 -4 -16 -9 20 19 -2 -10 26 28 -7 -5 -3 -11 -8 -12 -1
right_child=3 4 10 8 6 12 27 16 17 21 22 -13 -14 -15 15 -17 -18 -19 -20 -21 -22 -23 -24 -25 -26 -27 -28 -29 -30 -31
leaf_value=-0.44422546863555912 -0.06347735468862635 -0.13926373911755427 -0.2605325643832867 0.14086735486274674 -0.056121837518044886 0.039000695526599884 0.16290220983404047 -0.24884878250886688 0.27040402926504614 0.083593073943629859 -0.10411016035962989 0.076083445711085551 0.087146162655618462 -0.27643844890144637 -0.22248827621418366 -0.050751040663037983 -0.12705396135839134 0.45662569865584379 0.11631136564896083 0.063406846274075834 0.40493731739975164 0.26445803943161783 0.05767476605596366 -0.078376027333493137 0.2538604188710451 -0.22956068416436515 0.18668497669183323 0.27131543958728965 -0.017363708927517846 -0.34271336108446127
leaf_weight=20 33 35 26 42 35 25 24 32 38 20 27 77 27 53 24 28 52 20 26 29 21 26 27 49 30 33 37 22 42 20
leaf_count=20 33 35 26 42 35 25 24 32 38 20 27 77 27 53 24 28 52 20 26 29 21 26 27 49 30 33 37 22 42 20
internal_value=0 -0.0880045 -0.172301 0.185301 0.00247877 -0.0766994 0.0871693 -0.254011 0.274462 0.106569 -0.0891818 0.0347693 -0.00507388 -0.326774 -0.17352 -0.130014 -0.173452 0.353311 0.0314562 -0.00412829 0.318289 0.186206 -0.0206566 -0.0387217 0.187948 -0.183084 0.150512 0.214752 -0.051308 -0.393469
internal_weight=0 678 351 322 327 169 158 177 151 171 174 112 101 93 78 52 84 79 88 62 59 83 96 74 72 68 57 46 69 40
internal_count=1000 678 351 322 327 169 158 177 151 171 174 112 101 93 78 52 84 79 88 62 59 83 96 74 72 68 57 46 69 40
is_linear=0
shrinkage=0.05


Tree=30
num_leaves=31
num_cat=0
split_feature=0 0 4 4 4 1 1 1 1 1 1 2 1 1 0 1 2 1 1 0 0 3 0 0 1 0 3 3 2 1
split_gain=5886.96 1866.87 860.582 816.003 791.581 464.881 381.318 374.548 371.849 369.985 363.748 160.033 151.826 147.466 140.508 121.869 178.231 113.139 111.239 106.081 103.498 82.3333 80.6583 67.9596 52.789 51.813 49.995 49.5368 49.4178 48.7021
threshold=6.5000000000000009 3.5000000000000004 1.0000000180025095e-35 1.0000000180025095e-35 1.0000000180025095e-35 18.500000000000004 33.500000000000007 28.500000000000004 22.500000000000004 33.500000000000007 29.500000000000004 1.5000000000000002 11.500000000000002 10.500000000000002 8.5000000000000018 10.500000000000002 4.5000000000000009 41.500000000000007 15.500000000000002 1.5000000000000002 8.5000000000000018 3.5000000000000004 8.5000000000000018 1.5000000000000002 43.500000000000007 1.5000000000000002 5.5000000000000009 6.5000000000000009 3.5000000000000004 43.500000000000007
decision_type=2 2 2 2 2 2 2 2 2 2 2 2 2 2 2 2 2 2 2 2 2 2 2 2 2 2 2 2 2 2
left_child=1 2 7 9 5 26 12 15 22 14 11 -4 -6 -13 18 -1 -17 21 -2 -9 27 -7 -5 -12 -11 -15 -3 -10 -20 -8
right_child=3 4 10 8 6 17 29 19 20 24 23 13 -14 25 -16 16 -18 -19 28 -21 -22 -23 -24 -25 -26 -27 -28 -29 -30 -31
leaf_value=-0.40231652454687999 -0.060303486978889188 -0.13230055162949222 -0.2548304936885834 0.13382398679497695 -0.053315745804991044 0.037050660759210589 0.15475709894672038 -0.236406342452392 0.35139444199475378 0.15877529190559136 -0.06831734867199607 -0.20394682083968765 0.072279272092560728 -0.12218128122389316 0.13832742474202453 -0.21385528864555581 -0.38393777509530391 0.082788854506280693 0.1074216128885746 -0.12070126148800438 0.41506762642551354 -0.074457228062104211 0.2411674000478039 0.036212429963052274 0.25123514108932937 -0.018957739275309346 -0.21808265167655369 0.25261565424501897 0.0019749049842357636 0.25774966959248891
leaf_weight=26 33 35 25 42 35 25 24 32 22 38 23 27 77 20 29 43 24 27 25 52 27 49 30 48 26 31 33 30 20 22
leaf_count=26 33 35 25 42 35 25 24 32 22 38 23 27 77 20 29 43 24 27 25 52 27 49 30 48 26 31 33 30 20 22
internal_value=0 -0.0836043 -0.163686 0.176036 0.00235483 -0.0728644 0.0828109 -0.241311 0.260739 0.10124 -0.0847227 -0.144744 0.0330308 -0.10946 0.04436 -0.310436 -0.27478 -0.00482018 0.00942338 -0.164779 0.335645 -0.0367856 0.17855 0.00235067 0.196337 -0.0594376 -0.17393 0.294407 0.0605564 0.204014
internal_weight=0 678 351 322 327 169 158 177 151 171 174 103 112 78 107 93 67 101 78 84 79 74 72 71 64 51 68 52 45 46
internal_count=1000 678 351 322 327 169 158 177 151 171 174 103 112 78 107 93 67 101 78 84 79 74 72 71 64 51 68 52 45 46
is_linear=0
shrinkage=0.05


Tree=31
num_leaves=31
num_cat=0
split_feature=0 0 4 1 4 0 1 4 1 1 1 1 1 0 1 1 0 2 0 0 1 3 0 0 1 1 1 1 3 3
split_gain=5320.79 1401.72 964.812 793.001 653.825 410.238 394.446 380.256 251.974 236.293 226.507 225.048 216.898 169.361 151.856 148.964 147.348 123.35 116.102 98.0806 78.2108 76.8547 75.6597 71.6927 65.385 64.5866 61.8237 53.7003 43.0618 42.3866
threshold=4.5000000000000009 7.5000000000000009 1.0000000180025095e-35 7.5000000000000009 1.0000000180025095e-35 1.5000000000000002 23.500000000000004 1.0000000180025095e-35 17.500000000000004 39.500000000000007 28.500000000000004 16.500000000000004 25.500000000000004 1.5000000000000002 20.500000000000004 3.5000000000000004 2.5000000000000004 1.5000000000000002 8.5000000000000018 6.5000000000000009 10.500000000000002 6.5000000000000009 8.5000000000000018 6.5000000000000009 43.500000000000007 10.500000000000002 43.500000000000007 35.500000000000007 3.5000000000000004 7.5000000000000009
decision_type=2 2 2 2 2 2 2 2 2 2 2 2 2 2 2 2 2 2 2 2 2 2 2 2 2 2 2 2 2 2
left_child=2 3 5 15 12 14 13 11 -9 19 20 -3 23 -4 -1 -2 21 -10 -13 -6 -7 -8 -19 -5 28 -15 -12 -18 -14 -30
right_child=1 7 6 4 9 10 16 8 17 -11 26 18 24 25 -16 -17 27 22 -20 -21 -22 -23 -24 -25 -26 -27 -28 -29 29 -31
leaf_value=-0.38685501336023731 -0.23864678984338586 0.023540744960548417 -0.21209832110575269 -0.10725196802057327 0.08990100652245539 -0.29135459010367809 0.01940413007269735 0.17707945896651259 0.23808728421673828 0.28901034196217856 -0.12403921790274919 0.13167037986392199 0.084037475776858633 -0.12760891970750449 -0.23880125592614332 -0.066108621918628444 0.016593948150834731 0.31365735743727008 0.25983169441421827 0.19795777673522633 -0.18125440347422328 -0.10122640825087025 0.44634046879681677 0.0035337610899106317 0.12894114417616617 -0.036492704909022261 -0.028055104374885561 0.1096602441322419 -0.048512785339897335 0.048564028108249543
leaf_weight=29 22 31 35 40 70 23 23 44 23 27 51 43 24 37 43 29 31 21 30 30 54 31 22 23 22 41 25 31 22 23
leaf_count=29 22 31 35 40 70 23 23 44 23 27 51 43 24 37 43 29 31 21 30 30 54 31 22 23 22 41 25 31 22 23
internal_value=0 0.105169 -0.126481 0.04085 0.0737707 -0.200016 -0.0542315 0.204955 0.269762 0.157757 -0.153701 0.136409 0.0045097 -0.120718 -0.298434 -0.140537 0.0105358 0.33155 0.184339 0.122318 -0.214141 -0.0498467 0.381542 -0.0668064 0.0538824 -0.0797145 -0.0924655 0.0631271 0.0299506 0.00110425
internal_weight=0 546 454 332 281 225 229 214 110 127 153 104 154 113 72 51 116 66 73 100 77 54 43 63 91 78 76 62 69 45
internal_count=1000 546 454 332 281 225 229 214 110 127 153 104 154 113 72 51 116 66 73 100 77 54 43 63 91 78 76 62 69 45
is_linear=0
shrinkage=0.05


Tree=32
num_leaves=31
num_cat=0
split_feature=0 0 4 4 1 4 0 1 1 1 1 1 1 1 1 0 1 3 1 3 0 2 0 1 2 1 0 1 3 2
split_gain=4819.79 1142.26 1002.11 579.772 515.224 455.57 451.372 399.081 281.306 261.356 252.037 215.025 199.477 196.338 146.312 114.251 91.7893 64.4544 64.2777 62.4019 59.9959 59.4072 107.653 92.174 57.6446 83.2707 56.0331 54.4528 49.6512 43.0751
threshold=5.5000000000000009 2.5000000000000004 1.0000000180025095e-35 1.0000000180025095e-35 10.500000000000002 1.0000000180025095e-35 8.5000000000000018 34.500000000000007 20.500000000000004 39.500000000000007 45.500000000000007 6.5000000000000009 43.500000000000007 29.500000000000004 11.500000000000002 8.5000000000000018 43.500000000000007 5.5000000000000009 11.500000000000002 7.5000000000000009 4.5000000000000009 4.5000000000000009 7.5000000000000009 24.500000000000004 2.5000000000000004 12.500000000000002 3.5000000000000004 31.500000000000004 5.5000000000000009 3.5000000000000004
decision_type=2 2 2 2 2 2 2 2 2 2 2 2 2 2 2 2 2 2 2 2 2 2 2 2 2 2 2 2 2 2
left_child=1 5 4 8 -2 9 12 11 26 18 14 -4 21 24 -5 17 -9 -13 -1 -16 27 22 23 -6 -7 -26 -3 -10 -28 -21
right_child=2 3 7 10 6 13 -8 16 20 -11 -12 15 -14 -15 19 -17 -18 -19 -20 29 -22 -23 -24 -25 25 -27 28 -29 -30 -31
leaf_value=-0.36757528018206359 -0.09840491897087883 -0.24833042372695427 0.011797884404659273 -0.075723233900782547 -0.068189828875272182 -0.2262737756190093 0.25085250635941825 0.27373009652302072 -0.13667678976058958 -0.12266690850257873 0.19383011399302633 0.20584901032141514 0.17983621754325355 -0.025377310084742172 0.0023518414120189848 0.25925888178440243 0.40667987756431101 0.11694219514450177 -0.26888868612321942 0.037737312061446059 0.0032962165772914887 -0.029934294939492692 0.1279821747078978 0.057427792707458139 -0.19851360889998348 -0.062448383738165317 -0.099597294814884663 -0.043475334683344483 -0.20466417683796451 0.13381220981478692
leaf_weight=22 44 22 20 41 23 23 36 37 25 30 20 36 26 43 64 39 20 47 66 28 34 33 29 40 22 23 23 42 22 20
leaf_count=22 44 22 20 41 23 23 36 37 25 30 20 36 26 43 64 39 20 47 66 28 34 33 29 40 22 23 23 42 22 20
internal_value=0 -0.0953413 0.126383 -0.0373375 0.0555369 -0.181714 0.0917584 0.208621 -0.103497 -0.250113 0.0269096 0.16376 0.0538287 -0.109001 0.0050899 0.188672 0.320379 0.155504 -0.29356 0.0346733 -0.0508001 0.0276192 0.0482634 0.0115674 -0.161881 -0.128969 -0.182935 -0.078252 -0.150963 0.0777685
internal_weight=0 570 430 341 231 229 187 199 168 118 173 142 151 111 153 122 57 83 88 112 101 125 92 63 68 45 67 67 45 48
internal_count=1000 570 430 341 231 229 187 199 168 118 173 142 151 111 153 122 57 83 88 112 101 125 92 63 68 45 67 67 45 48
is_linear=0
shrinkage=0.05


Tree=33
num_leaves=31
num_cat=0
split_feature=0 0 4 4 4 1 1 1 1 1 1 2 1 1 1 2 1 1 0 1 2 0 2 3 0 0 1 0 1 3
split_gain=4389.35 1406.62 627.031 596.194 595.789 354.547 292.888 292.44 281.499 279.572 276.041 140.148 117.157 105.717 94.7018 156.566 92.0216 87.4927 78.1282 73.7823 168.669 69.4393 67.4777 66.5313 64.3696 53.128 42.2612 35.2791 35.0245 34.4905
threshold=6.5000000000000009 3.5000000000000004 1.0000000180025095e-35 1.0000000180025095e-35 1.0000000180025095e-35 18.500000000000004 27.500000000000004 22.500000000000004 28.500000000000004 33.500000000000007 29.500000000000004 1.5000000000000002 10.500000000000002 11.500000000000002 10.500000000000002 4.5000000000000009 41.500000000000007 41.500000000000007 1.5000000000000002 7.5000000000000009 2.5000000000000004 8.5000000000000018 4.5000000000000009 3.5000000000000004 8.5000000000000018 1.5000000000000002 5.5000000000000009 1.5000000000000002 43.500000000000007 7.5000000000000009
decision_type=2 2 2 2 2 2 2 2 2 2 2 2 2 2 2 2 2 2 2 2 2 2 2 2 2 2 2 2 2 2
left_child=1 2 8 6 5 26 19 24 14 13 11 -4 -13 -6 -1 -16 21 23 -10 -2 -21 -9 -8 -7 -5 -12 -3 -14 -11 -20
right_child=3 4 10 7 9 17 22 16 18 28 25 12 27 -15 15 -17 -18 -19 29 20 -22 -23 -24 -25 -26 -27 -28 -29 -30 -31
leaf_value=-0.3488848871336534 -0.054777693613009021 -0.21215986445546153 -0.22960871827602386 0.11156354379795848 -0.042452394074893429 0.034853240758180623 0.1858986772727548 0.21909119735815025 -0.20308554060757161 0.13423308514563057 -0.060931456931259322 -0.17778829659024875 -0.10075627218466253 0.062349961281983883 -0.17935674485945427 -0.33876703822364412 0.38351975613273681 0.073631996813195724 -0.14005297288812441 0.13851373116175333 -0.022012932639982968 0.33238264677070439 0.088698966894298792 -0.065384389292828901 0.20745753186444441 0.031490796090414129 -0.12565119434924174 -0.015580162766479678 0.22157402367077095 -0.058063468725784967
leaf_weight=26 22 20 25 42 35 25 57 38 32 24 23 27 20 77 43 24 20 27 29 30 36 21 26 49 30 48 48 31 22 23
leaf_count=26 22 20 25 42 35 25 57 38 32 24 23 27 20 77 43 24 20 27 29 30 36 21 26 49 30 48 48 31 22 23
internal_value=0 -0.072191 -0.141704 0.152005 0.00242337 -0.0628337 0.0880715 0.224406 -0.207963 0.0722236 -0.0743016 -0.126588 -0.0935692 0.0295992 -0.26789 -0.236459 0.290834 -0.0034103 -0.141616 0.0245209 0.0509537 0.259415 0.155451 -0.0315203 0.151519 0.00155119 -0.151095 -0.0489826 0.176005 -0.103788
internal_weight=0 678 351 322 327 169 171 151 177 158 174 103 78 112 93 67 79 101 84 88 66 59 83 74 72 71 68 51 46 52
internal_count=1000 678 351 322 327 169 171 151 177 158 174 103 78 112 93 67 79 101 84 88 66 59 83 74 72 71 68 51 46 52
is_linear=0
shrinkage=0.05


Tree=34
num_leaves=31
num_cat=0
split_feature=0 0 4 4 4 1 1 1 1 1 1 1 0 0 0 1 1 3 1 1 0 0 3 0 2 1 2 3 1 3
split_gain=3961.39 1282.73 685.606 538.065 372.021 342.566 292.455 264.514 263.927 228.284 162.012 124.721 117.509 113.978 105.785 89.8651 83.0495 79.2376 87.8084 78.9622 75.4852 62.6689 60.0445 58.0936 47.4688 70.0656 45.97 38.6187 35.8885 30.7467
threshold=6.5000000000000009 2.5000000000000004 1.0000000180025095e-35 1.0000000180025095e-35 1.0000000180025095e-35 18.500000000000004 31.500000000000004 35.500000000000007 22.500000000000004 40.500000000000007 29.500000000000004 11.500000000000002 3.5000000000000004 8.5000000000000018 4.5000000000000009 15.500000000000002 41.500000000000007 4.5000000000000009 24.500000000000004 41.500000000000007 4.5000000000000009 8.5000000000000018 3.5000000000000004 8.5000000000000018 2.5000000000000004 12.500000000000002 3.5000000000000004 6.5000000000000009 5.5000000000000009 7.5000000000000009
decision_type=2 2 2 2 2 2 2 2 2 2 2 2 2 2 2 2 2 2 2 2 2 2 2 2 2 2 2 2 2 2
left_child=1 4 5 7 9 28 11 13 23 17 24 29 -7 15 -8 -2 21 -1 -19 22 -13 -10 -14 -5 -6 -26 -17 -9 -3 -4
right_child=3 2 6 8 10 12 14 27 16 -11 -12 20 19 -15 -16 26 -18 18 -20 -21 -22 -23 -24 -25 25 -27 -28 -29 -30 -31
leaf_value=-0.32573082430753858 -0.053395091294960097 -0.20828681957721709 -0.017837539175525309 0.10598536585679366 -0.20564331593720811 -0.10542223281585253 0.070111736671792144 0.22820928458656586 0.20813663428355206 -0.089057655135790503 -0.023211226698964142 -0.015982039485658919 0.033110582619905474 0.12185139805078507 0.18696721463518984 0.092354553850988563 0.36434377714991573 -0.28646597834303977 -0.16739713003238044 0.069950398554404589 0.07414154801517725 0.31576351495016192 -0.062115168495445842 0.19708465464413166 -0.18113611448894851 -0.056324972795403529 -0.0028016586872664367 0.14147337490523404 -0.13748434671156465 -0.099007661055241322
leaf_weight=32 33 25 20 42 23 39 45 21 38 24 43 42 25 32 34 30 20 32 30 27 52 21 49 30 22 23 22 33 63 28
leaf_count=32 33 25 20 42 23 39 45 21 38 24 43 42 25 32 34 30 20 32 30 27 52 21 49 30 22 23 22 33 63 28
internal_value=0 -0.0685815 -0.0194662 0.144405 -0.164882 -0.0802955 0.0432899 0.083668 0.213186 -0.226691 -0.0991743 0.000388377 -0.0317049 0.0414206 0.120404 0.0111407 0.276292 -0.261832 -0.228852 -0.00323978 0.0338736 0.246445 -0.0299443 0.143943 -0.14721 -0.117344 0.0520962 0.175204 -0.157599 -0.0651868
internal_weight=0 678 449 322 229 228 221 171 151 118 111 142 140 117 79 85 79 94 62 101 94 59 74 72 68 45 52 54 88 48
internal_count=1000 678 449 322 229 228 221 171 151 118 111 142 140 117 79 85 79 94 62 101 94 59 74 72 68 45 52 54 88 48
is_linear=0
shrinkage=0.05


Tree=35
num_leaves=31
num_cat=0
split_feature=0 1 0 4 4 0 1 1 0 1 1 3 1 4 0 1 0 2 2 1 0 2 3 3 1 1 3 1 1 0
split_gain=3584.47 973.951 993.375 634.296 427.434 294.383 267.894 240.275 198.382 266.976 191.774 191.192 164.811 139.887 122.828 112.084 97.1502 93.5881 90.1267 82.737 80.059 78.159 69.1644 59.0347 108.257 54.0157 51.0955 50.6885 50.2993 63.2714
threshold=4.5000000000000009 2.5000000000000004 7.5000000000000009 1.0000000180025095e-35 1.0000000180025095e-35 1.5000000000000002 23.500000000000004 31.500000000000004 8.5000000000000018 29.500000000000004 34.500000000000007 8.5000000000000018 12.500000000000002 1.0000000180025095e-35 1.5000000000000002 32.500000000000007 2.5000000000000004 3.5000000000000004 2.5000000000000004 43.500000000000007 2.5000000000000004 3.5000000000000004 6.5000000000000009 3.5000000000000004 18.500000000000004 24.500000000000004 6.5000000000000009 41.500000000000007 15.500000000000002 3.5000000000000004
decision_type=2 2 2 2 2 2 2 2 2 2 2 2 2 2 2 2 2 2 2 2 2 2 2 2 2 2 2 2 2 2
left_child=3 -2 4 5 10 15 14 18 13 -10 11 23 -7 17 -5 26 22 -4 -6 20 -14 -12 -8 24 -3 -15 -1 -9 29 -16
right_child=1 2 8 6 7 12 16 27 9 -11 21 -13 19 25 28 -17 -18 -19 -20 -21 -22 -23 -24 -25 -26 -27 -28 -29 -30 -31
leaf_value=-0.35208701377823237 -0.25614755302667619 -0.12456398952914322 0.1335261904893236 -0.17784416086306531 0.12141612513284934 -0.22928008419771989 0.024809374433496727 0.15699542462825777 0.1746707424348701 0.34739850610494616 0.12748973562285817 -0.15349418537627008 -0.1889948322855193 0.1407762895135776 -0.14282596160111757 -0.16626906268022679 0.050848057601721057 0.00070824282509940014 0.020907790867473793 -0.017382417619228364 -0.089988105167783272 0.0081032125709148556 -0.089626830744166539 0.029068798199296 0.032454585425910502 0.2433813450408393 -0.24529170716802279 0.26121550619602207 -0.0099214831988016783 -0.030378814702006901
leaf_weight=21 20 23 36 35 38 30 23 28 62 35 29 29 29 23 29 27 62 21 54 25 69 26 31 52 21 29 24 20 27 22
leaf_count=21 20 23 36 35 38 30 23 28 62 35 29 29 29 23 29 27 62 21 54 25 69 26 31 52 21 29 24 20 27 22
internal_value=0 0.0863206 0.0993422 -0.103813 0.0442116 -0.163436 -0.0452312 0.109736 0.184982 0.236995 -0.00675163 -0.0409854 -0.124203 0.138695 -0.100024 -0.246807 0.00814451 0.0845933 0.0624221 -0.0985739 -0.119286 0.0710525 -0.0408855 -0.00699842 -0.0496233 0.197998 -0.29513 0.20042 -0.0651047 -0.0943193
internal_weight=0 546 526 454 320 225 229 140 206 97 180 125 153 109 113 72 116 57 92 123 98 55 54 96 44 52 45 48 78 51
internal_count=1000 546 526 454 320 225 229 140 206 97 180 125 153 109 113 72 116 57 92 123 98 55 54 96 44 52 45 48 78 51
is_linear=0
shrinkage=0.05


Tree=36
num_leaves=31
num_cat=0
split_feature=0 0 4 1 4 4 1 1 1 1 1 1 2 1 2 0 2 1 1 1 0 3 3 1 0 3 3 3 1 3
split_gain=3262.54 1051.47 460.991 456.796 472.997 442.808 258.257 219.584 209.105 206.952 164.773 135.135 133.21 101.198 84.5775 103.068 76.9025 91.6811 76.6011 67.3052 61.2713 51.3529 47.0071 46.382 44.8955 41.624 40.4068 34.8767 30.5774 29.1113
threshold=6.5000000000000009 3.5000000000000004 1.0000000180025095e-35 5.5000000000000009 1.0000000180025095e-35 1.0000000180025095e-35 18.500000000000004 28.500000000000004 33.500000000000007 31.500000000000004 35.500000000000007 34.500000000000007 1.5000000000000002 10.500000000000002 3.5000000000000004 7.5000000000000009 4.5000000000000009 12.500000000000002 11.500000000000002 41.500000000000007 1.5000000000000002 3.5000000000000004 8.5000000000000018 45.500000000000007 8.5000000000000018 6.5000000000000009 5.5000000000000009 6.5000000000000009 43.500000000000007 7.5000000000000009
decision_type=2 2 2 2 2 2 2 2 2 2 2 2 2 2 2 2 2 2 2 2 2 2 2 2 2 2 2 2 2 2
left_child=1 2 7 -2 10 6 26 16 18 12 14 22 -4 -14 15 -5 17 -1 -7 21 -9 -8 24 -11 -6 -16 -3 -12 -10 -22
right_child=3 5 9 4 11 8 19 20 28 23 27 -13 13 -15 25 -17 -18 -19 -20 -21 29 -23 -24 -25 -26 -27 -28 -29 -30 -31
leaf_value=-0.27554197168868522 -0.078799243085086346 -0.09188961679381985 -0.20335370614020915 0.0097941129589858272 0.17109594287913898 -0.035748170390725136 0.030387763619422914 -0.17498948392458261 0.11317151313026746 -0.022429534064038942 0.2098859788406463 0.2899073315518243 -0.15414968697975082 -0.035594543745672266 0.044821342095732693 0.14604790974408388 -0.29197372899335972 -0.1477449133164353 0.053462559040998683 0.064301678924648858 -0.12037139781590166 -0.057676655495045137 0.12508484760608274 0.068776329085230833 0.25159751126093083 -0.050664980745031722 -0.16900847818363796 0.12745921572557453 0.19477938142689794 -0.045046275465384776
leaf_weight=23 24 35 27 23 43 35 25 32 24 46 21 42 27 54 25 35 34 36 77 27 29 49 26 20 29 21 33 33 22 23
leaf_count=23 24 35 27 23 43 35 25 32 24 46 21 42 27 54 25 35 34 36 77 27 29 49 26 20 29 21 33 33 22 23
internal_value=0 -0.0622387 -0.122339 0.131049 0.14795 0.00227205 -0.0539866 -0.179152 0.0624474 -0.0645456 0.0886536 0.21487 -0.107173 -0.0751129 0.0518607 0.0920162 -0.232079 -0.197564 0.0255842 -0.00327046 -0.120554 -0.0279252 0.182711 0.00520861 0.20352 0.00122976 -0.129315 0.159514 0.152201 -0.0870545
internal_weight=0 678 351 322 298 327 169 177 158 174 158 140 108 81 104 58 93 59 112 101 84 74 98 66 72 46 68 54 46 52
internal_count=1000 678 351 322 298 327 169 177 158 174 158 140 108 81 104 58 93 59 112 101 84 74 98 66 72 46 68 54 46 52
is_linear=0
shrinkage=0.05


Tree=37
num_leaves=31
num_cat=0
split_feature=0 0 4 1 4 1 0 1 1 1 1 1 0 1 4 3 0 1 1 0 4 0 0 3 3 2 0 1 3 1
split_gain=2954.61 714.631 614.972 496.374 362.729 338.585 323.538 249.309 182.581 140.476 138.249 136.921 103.845 98.3857 93.1468 74.9681 74.4736 72.5831 69.0826 64.9666 57.8298 56.204 53.0416 52.3017 51.1821 43.7494 62.9766 61.8484 33.6462 26.833
threshold=5.5000000000000009 1.5000000000000002 1.0000000180025095e-35 45.500000000000007 1.0000000180025095e-35 10.500000000000002 8.5000000000000018 34.500000000000007 35.500000000000007 6.5000000000000009 16.500000000000004 43.500000000000007 3.5000000000000004 18.500000000000004 1.0000000180025095e-35 6.5000000000000009 3.5000000000000004 43.500000000000007 28.500000000000004 8.5000000000000018 1.0000000180025095e-35 3.5000000000000004 2.5000000000000004 6.5000000000000009 5.5000000000000009 4.5000000000000009 7.5000000000000009 24.500000000000004 8.5000000000000018 5.5000000000000009
decision_type=2 2 2 2 2 2 2 2 2 2 2 2 2 2 2 2 2 2 2 2 2 2 2 2 2 2 2 2 2 2
left_child=1 8 5 4 12 29 11 9 14 -4 21 25 18 -14 15 -1 23 -9 -3 24 -10 -6 -20 -12 -11 26 27 -7 -26 -2
right_child=2 3 7 -5 10 6 -8 17 20 19 16 -13 13 -15 -16 -17 -18 -19 22 -21 -22 -23 -24 -25 28 -27 -28 -29 -30 -31
leaf_value=-0.32998417575250971 -0.12038685598156669 -0.18322014004554388 0.005091372560709715 0.12224393054479506 -0.12054365241279207 -0.056694453509281512 0.20751024698838594 0.21022471364688233 -0.14353069935155952 0.16790526269210712 -0.070762903657224444 0.14509987031611113 -0.12916997587958048 -0.028993851469274152 -0.16124609603879933 -0.20564350256765329 0.060042837742021529 0.32844971686601643 -0.15316661894321443 0.20128140509224091 -0.027278455495834353 -0.028994201251158591 -0.045785171052683954 0.019301585303619504 0.047265250856677696 -0.030400717314897165 0.09767799778873551 0.046204417143017054 0.13189383823748516 -0.04229451573707841
leaf_weight=22 22 53 20 41 30 23 36 37 23 36 27 26 43 57 44 27 59 20 23 39 20 38 23 40 24 33 29 40 23 22
leaf_count=22 22 53 20 41 30 23 36 37 23 36 27 26 43 57 44 27 59 20 23 39 20 38 23 40 24 33 29 40 23 22
internal_value=0 -0.0746478 0.0989517 -0.0433079 -0.0605792 0.0434529 0.0728161 0.163375 -0.174659 0.127918 -0.0119283 0.0407036 -0.108008 -0.0720696 -0.214052 -0.26147 0.0190793 0.251707 -0.144309 0.148053 -0.0894599 -0.0693837 -0.0994759 -0.0169931 0.123042 0.0189891 0.0367051 0.00863816 0.0886792 -0.0813407
internal_weight=0 570 430 434 393 231 187 199 136 142 194 151 199 100 93 49 126 57 99 122 43 68 46 67 83 125 92 63 47 44
internal_count=1000 570 430 434 393 231 187 199 136 142 194 151 199 100 93 49 126 57 99 122 43 68 46 67 83 125 92 63 47 44
is_linear=0
shrinkage=0.05


Tree=38
num_leaves=31
num_cat=0
split_feature=0 0 4 1 4 1 4 1 1 0 1 1 1 0 0 1 1 3 1 1 3 3 3 0 0 1 3 1 3 0
split_gain=2683.55 863.193 463.071 376.717 389.998 267.956 229.931 226.941 208.031 142.005 120.208 111.316 80.9349 77.8316 69.0017 66.3341 58.186 63.9554 56.4704 55.2782 48.9058 46.1971 42.838 37.162 37.0031 35.3196 37.871 29.9444 28.9788 28.766
threshold=6.5000000000000009 2.5000000000000004 1.0000000180025095e-35 5.5000000000000009 1.0000000180025095e-35 44.500000000000007 1.0000000180025095e-35 18.500000000000004 42.500000000000007 8.5000000000000018 11.500000000000002 34.500000000000007 43.500000000000007 3.5000000000000004 4.5000000000000009 13.500000000000002 24.500000000000004 6.5000000000000009 25.500000000000004 41.500000000000007 5.5000000000000009 3.5000000000000004 8.5000000000000018 1.5000000000000002 8.5000000000000018 16.500000000000004 7.5000000000000009 4.5000000000000009 7.5000000000000009 4.5000000000000009
decision_type=2 2 2 2 2 2 2 2 2 2 2 2 2 2 2 2 2 2 2 2 2 2 2 2 2 2 2 2 2 2
left_child=1 5 7 -2 9 6 16 27 10 12 -4 22 25 -9 20 -8 -1 -18 -11 21 -12 -15 24 -17 -6 -5 -27 -3 -13 -29
right_child=3 2 8 4 11 -7 15 13 -10 18 14 28 -14 19 -16 23 17 -19 -20 -21 -22 -23 -24 -25 -26 26 -28 29 -30 -31
leaf_value=-0.24457230472564701 -0.071715479002644619 -0.18284752115607261 -0.05348446847250065 -0.016443102935758923 0.15620786811030188 0.015683969454123422 -0.15880486131195101 -0.086593401317413041 0.14918715725926793 0.10030387505888938 -0.055119133492310846 0.30267049311236904 0.14388117406517267 0.029532115697860718 0.072767866486814659 -0.10280649625771754 -0.22091650933027271 -0.11484383751672728 0.21769839752288092 0.05780537465104351 0.033611333861269736 -0.053994525178354617 0.11076810021813099 -0.026458765313561474 0.22929182394311348 0.021329017542302611 0.095618737148570609 -0.14774212026532041 0.21951167434453966 -0.082588568702340132
leaf_weight=50 24 20 48 26 43 26 31 39 34 20 24 22 20 25 71 37 30 27 21 27 44 49 26 28 29 42 29 32 20 36
leaf_count=50 24 20 48 26 43 26 31 39 34 20 24 22 20 25 71 37 30 27 21 27 44 49 26 28 29 42 29 32 20 36
internal_value=0 -0.0564466 -0.016156 0.118853 0.134201 -0.135444 -0.154801 -0.0661479 0.0354193 0.0803583 0.0147342 0.194967 0.052298 -0.0265988 0.0382918 -0.0986212 -0.205205 -0.170672 0.160433 -0.00343251 0.0022947 -0.0257761 0.165779 -0.0699182 0.185644 0.0334149 0.0516727 -0.129067 0.263071 -0.113249
internal_weight=0 678 449 322 298 229 203 228 221 158 187 140 117 140 139 96 107 57 41 101 68 74 98 65 72 97 71 88 42 68
internal_count=1000 678 449 322 298 229 203 228 221 158 187 140 117 140 139 96 107 57 41 101 68 74 98 65 72 97 71 88 42 68
is_linear=0
shrinkage=0.05


Tree=39
num_leaves=31
num_cat=0
split_feature=0 0 4 1 4 1 4 1 1 1 1 1 3 2 0 0 2 0 1 1 1 0 3 3 0 3 3 3 1 2
split_gain=2421.9 779.032 417.921 339.987 351.974 241.831 207.513 204.815 189.573 128.918 114.105 103.178 95.994 74.3055 82.6467 70.2431 67.8209 67.5266 59.8665 54.9051 50.0521 47.0122 38.9801 37.6699 33.5387 31.3383 29.0263 28.3289 27.0248 26.0704
threshold=6.5000000000000009 2.5000000000000004 1.0000000180025095e-35 5.5000000000000009 1.0000000180025095e-35 44.500000000000007 1.0000000180025095e-35 18.500000000000004 44.500000000000007 35.500000000000007 11.500000000000002 41.500000000000007 9.5000000000000018 3.5000000000000004 7.5000000000000009 3.5000000000000004 1.0000000180025095e-35 8.5000000000000018 13.500000000000002 11.500000000000002 42.500000000000007 5.5000000000000009 7.5000000000000009 6.5000000000000009 1.5000000000000002 6.5000000000000009 6.5000000000000009 7.5000000000000009 4.5000000000000009 4.5000000000000009
decision_type=2 2 2 2 2 2 2 2 2 2 2 2 2 2 2 2 2 2 2 2 2 2 2 2 2 2 2 2 2 2
left_child=1 5 7 -2 9 6 19 28 10 13 27 12 17 14 -5 -9 -12 26 -8 -1 -17 22 -18 -15 -20 -11 -6 -4 -3 -21
right_child=3 2 8 4 11 -7 18 15 -10 25 16 -13 -14 23 -16 20 21 -19 24 29 -22 -23 -24 -25 -26 -27 -28 -29 -30 -31
leaf_value=-0.26534602371129123 -0.068129703790570303 -0.17370514165610076 -0.0053608410432934763 0.0078067482813544897 0.18246378134458494 0.014899768794958407 -0.15086461805528212 -0.082263732185730576 0.15522808751889638 0.18676707205318271 -0.040626434398734056 0.29036003075540068 0.073309869251467971 0.03780840256810189 0.12981769539415838 -0.022911698400200187 0.0041801580969168216 0.24217493131354051 -0.097666171112576056 -0.15520630564610916 0.059785472322255374 0.10394924518398263 0.070701104691252112 -0.053029370059569682 -0.025135826013450116 0.10863339322986026 0.11063684834675357 -0.083274103381804063 -0.10758661125950955 -0.21235945553635249
leaf_weight=22 24 20 20 23 39 26 31 39 28 21 23 20 22 25 35 77 49 37 37 53 24 33 40 21 28 33 22 28 68 32
leaf_count=22 24 20 20 23 39 26 31 39 28 21 23 20 22 25 35 77 49 37 37 53 24 33 40 21 28 33 22 28 68 32
internal_value=0 -0.0536243 -0.0153482 0.112911 0.127491 -0.128672 -0.147061 -0.0628405 0.0336483 0.0763404 0.0160098 0.185218 0.167695 0.0437958 0.081434 -0.0252688 0.0381296 0.188883 -0.0936902 -0.194944 -0.00326089 0.052977 0.0340772 -0.00366102 -0.0664223 0.139019 0.156559 -0.0508102 -0.122614 -0.176723
internal_weight=0 678 449 322 298 229 203 228 221 158 193 140 120 104 58 140 145 98 96 107 101 122 89 46 65 54 61 48 88 85
internal_count=1000 678 449 322 298 229 203 228 221 158 193 140 120 104 58 140 145 98 96 107 101 122 89 46 65 54 61 48 88 85
is_linear=0
shrinkage=0.05


Tree=40
num_leaves=31
num_cat=0
split_feature=0 1 0 0 1 4 4 1 0 1 1 1 3 4 3 2 2 1 1 4 0 3 3 1 1 2 4 3 0 1
split_gain=2197.25 707.659 608.205 383.035 331.658 245.741 203.578 161.488 145.259 207.234 142.895 116.708 162.319 89.3447 84.9076 81.0661 71.9804 71.5289 69.7414 69.3177 68.9158 65.331 52.5076 72.4668 49.836 46.4257 46.2711 45.4781 43.3744 36.5241
threshold=4.5000000000000009 2.5000000000000004 7.5000000000000009 1.5000000000000002 44.500000000000007 1.0000000180025095e-35 1.0000000180025095e-35 31.500000000000004 8.5000000000000018 29.500000000000004 35.500000000000007 34.500000000000007 8.5000000000000018 1.0000000180025095e-35 8.5000000000000018 2.5000000000000004 3.5000000000000004 12.500000000000002 15.500000000000002 1.0000000180025095e-35 2.5000000000000004 6.5000000000000009 3.5000000000000004 18.500000000000004 17.500000000000004 2.5000000000000004 1.0000000180025095e-35 5.5000000000000009 3.5000000000000004 41.500000000000007
decision_type=2 2 2 2 2 2 2 2 2 2 2 2 2 2 2 2 2 2 2 2 2 2 2 2 2 2 2 2 2 2
left_child=3 -2 5 10 6 11 17 15 13 -10 19 12 22 14 -4 -7 -13 -5 28 21 -19 -1 23 -3 -24 -15 -12 -20 -8 -9
right_child=1 2 8 4 -6 7 18 29 9 -11 26 16 -14 25 -16 -17 -18 20 27 -21 -22 -23 24 -25 -26 -27 -28 -29 -30 -31
leaf_value=-0.29122037114575505 -0.22433621049742217 -0.10000084509020267 0.017982841147160211 -0.18160366418461005 0.087363503481212412 0.10238969192693109 -0.11499492335936119 0.12271085110093867 0.13529134569389206 0.28747084329170841 -0.12449936421345109 0.11175931065246976 -0.13346911026486036 0.10438294744491577 0.14585170604288578 0.0070672951776672294 -0.0028112120926380157 -0.1532553147086326 -0.053477208033717916 -0.14080249982124024 -0.067257778537837237 -0.17514653284516601 0.092687161537733945 0.028466408096608664 -0.0063894792894522356 0.19894114186366399 -0.020512027516961101 0.022380013387714094 -0.021892445094206119 0.21117886409163475
leaf_weight=22 20 23 37 30 38 38 29 28 62 35 23 29 29 25 20 54 26 34 29 44 74 27 22 21 30 27 20 62 22 20
leaf_count=22 20 23 37 30 38 38 29 28 62 35 23 29 29 25 20 54 26 34 29 44 74 27 22 21 30 27 20 62 22 20
internal_value=0 0.0675836 0.0786832 -0.081279 -0.0512447 0.0355452 -0.0700558 0.085228 0.145694 0.190201 -0.151506 -0.00309704 -0.0298032 0.106086 0.0628491 0.0464396 0.0575987 -0.113303 -0.0280265 -0.186356 -0.0943311 -0.227261 0.00151259 -0.0386869 0.0355276 0.15348 -0.0761332 -0.00179427 -0.0748331 0.159573
internal_weight=0 546 526 454 318 320 280 140 206 97 136 180 125 109 57 92 55 138 142 93 108 49 96 44 52 52 43 91 51 48
internal_count=1000 546 526 454 318 320 280 140 206 97 136 180 125 109 57 92 55 138 142 93 108 49 96 44 52 52 43 91 51 48
is_linear=0
shrinkage=0.05


Tree=41
num_leaves=31
num_cat=0
split_feature=0 0 4 1 1 4 1 0 1 0 1 0 1 1 1 4 3 1 0 2 1 4 1 2 0 2 1 3 2 0
split_gain=1995.87 487.21 416.678 345.756 262.138 265.871 239.835 227.388 185.682 132.071 128.962 101.569 100.074 86.8228 66.0277 62.5593 58.9612 58.3804 57.1609 56.8535 59.4503 41.7597 39.5181 38.7002 36.3987 32.842 52.4838 31.8205 28.8481 33.195
threshold=5.5000000000000009 1.5000000000000002 1.0000000180025095e-35 45.500000000000007 3.5000000000000004 1.0000000180025095e-35 10.500000000000002 8.5000000000000018 43.500000000000007 8.5000000000000018 35.500000000000007 3.5000000000000004 44.500000000000007 17.500000000000004 11.500000000000002 1.0000000180025095e-35 6.5000000000000009 28.500000000000004 3.5000000000000004 3.5000000000000004 28.500000000000004 1.0000000180025095e-35 36.500000000000007 4.5000000000000009 2.5000000000000004 1.5000000000000002 28.500000000000004 6.5000000000000009 1.5000000000000002 6.5000000000000009
decision_type=2 2 2 2 2 2 2 2 2 2 2 2 2 2 2 2 2 2 2 2 2 2 2 2 2 2 2 2 2 2
left_child=1 10 6 4 -3 11 -2 12 9 14 15 17 23 -11 -4 16 -1 -6 27 20 -16 -12 -13 28 -19 -20 -27 -7 -8 -30
right_child=2 3 8 -5 5 18 7 -9 -10 13 21 22 -14 -15 19 -17 -18 24 25 -21 -22 -23 -24 -25 -26 26 -28 -29 29 -31
leaf_value=-0.27665935629470784 -0.069385677135803486 -0.20331126348330428 0.021050013712158911 0.1026946991591192 -0.15600108023112019 -0.058770982391740147 -0.00055051104557749474 0.17327732716997465 0.27884782314300538 0.11670718648284675 -0.11827439677132212 -0.063489721386748202 0.13471176524957021 0.24490361080638001 0.18934290945529939 -0.13376237391070886 -0.16638920714181882 -0.12165221888164682 0.082408058705429235 0.061253227166047225 0.090608054351422107 -0.019486425146460536 0.0100267972946167 -0.028764222715707388 -0.032698565778201037 -0.01669921037223604 0.077533630434085024 0.0016714018112158075 0.0052880732786087766 0.083994382791019784
leaf_weight=22 44 26 27 41 48 38 38 36 20 25 23 68 21 28 30 44 27 23 24 38 31 20 25 34 23 45 22 51 21 37
leaf_count=22 44 26 27 41 48 38 38 36 20 25 23 68 21 28 30 44 27 23 24 38 31 20 25 34 23 45 22 51 21 37
internal_value=0 -0.0613525 0.0813278 -0.0354755 -0.0498902 -0.0390211 0.0356446 0.0603576 0.134357 0.118213 -0.143931 -0.0807741 0.0334363 0.184434 0.090358 -0.177038 -0.215898 -0.117427 0.00435563 0.10926 0.139166 -0.0723265 -0.0437272 0.0170765 -0.0771754 0.0322205 0.0142429 -0.0241355 0.0333117 0.0554973
internal_weight=0 570 430 434 393 367 231 187 199 179 136 187 151 53 126 93 49 94 180 99 61 43 93 130 46 91 67 89 96 58
internal_count=1000 570 430 434 393 367 231 187 199 179 136 187 151 53 126 93 49 94 180 99 61 43 93 130 46 91 67 89 96 58
is_linear=0
shrinkage=0.05


Tree=42
num_leaves=31
num_cat=0
split_feature=0 0 1 4 4 4 1 1 1 1 2 1 1 2 2 1 1 0 3 3 1 0 3 3 3 3 1 3 3 0
split_gain=1820.59 576.501 264.034 272.211 250.57 245.901 143.338 132.715 121.111 120.582 117.445 100.378 83.2956 66.4796 65.9494 65.1954 65.034 64.7243 45.4959 112.195 38.9713 36.8216 34.7522 32.9268 32.1632 29.1027 26.4097 25.8132 32.0774 24.2535
threshold=6.5000000000000009 3.5000000000000004 5.5000000000000009 1.0000000180025095e-35 1.0000000180025095e-35 1.0000000180025095e-35 18.500000000000004 28.500000000000004 33.500000000000007 29.500000000000004 1.5000000000000002 35.500000000000007 34.500000000000007 4.5000000000000009 3.5000000000000004 12.500000000000002 10.500000000000002 7.5000000000000009 9.5000000000000018 6.5000000000000009 11.500000000000002 1.5000000000000002 5.5000000000000009 8.5000000000000018 6.5000000000000009 6.5000000000000009 45.500000000000007 8.5000000000000018 5.5000000000000009 8.5000000000000018
decision_type=2 2 2 2 2 2 2 2 2 2 2 2 2 2 2 2 2 2 2 2 2 2 2 2 2 2 2 2 2 2
left_child=1 5 -2 11 6 7 22 13 20 10 -7 14 23 15 17 -1 -12 -4 19 -8 -6 -9 -3 29 -16 -13 -11 28 -22 -5
right_child=2 4 3 12 8 9 18 21 -10 26 16 25 -14 -15 24 -17 -18 -19 -20 -21 27 -23 -24 -25 -26 -27 -28 -29 -30 -31
leaf_value=-0.20730144381523133 -0.061646193296959008 -0.062456826865673068 0.0073461134462495864 0.12984760141563276 -0.025260249014411658 -0.17765060639381411 -0.020381007926030592 -0.12913232415448875 0.11484763328917325 -0.017748505717106896 -0.11586396512058046 0.16708212381317503 0.22042346737746682 -0.22932372426285463 0.030653925329446791 -0.099533587031894258 -0.019897270684733112 0.11532021757747446 -0.060257294544806855 0.11790928531438112 0.050401392346248033 -0.060963776070499222 -0.13397635697866933 0.088033798200866362 -0.053282205494386815 0.091786997697570108 0.050043802335858346 0.081391999342789262 -0.029127065127804164 0.18901599643045461
leaf_weight=23 24 35 23 43 35 25 55 32 46 51 27 21 42 34 25 36 51 35 26 20 32 52 33 26 21 33 20 24 21 29
leaf_count=23 24 35 23 43 35 25 55 32 46 51 27 21 42 34 25 36 51 35 26 20 32 52 33 26 21 33 20 24 21 29
internal_value=0 -0.0464931 0.0978955 0.110744 0.00127461 -0.0909947 -0.0410454 -0.132489 0.0465409 -0.0487853 -0.0833432 0.0657613 0.161511 -0.173636 0.0370441 -0.141545 -0.0531165 0.0725029 -0.00326197 0.0164964 0.0184864 -0.0869327 -0.0971648 0.136263 -0.00766474 0.121068 0.00134792 0.0383712 0.0188901 0.153679
internal_weight=0 678 322 298 327 351 169 177 158 174 103 158 140 93 104 59 78 58 101 75 112 84 68 98 46 54 71 77 53 72
internal_count=1000 678 322 298 327 351 169 177 158 174 103 158 140 93 104 59 78 58 101 75 112 84 68 98 46 54 71 77 53 72
is_linear=0
shrinkage=0.05


Tree=43
num_leaves=31
num_cat=0
split_feature=0 0 4 1 4 1 1 4 1 1 1 3 1 2 2 0 0 2 1 3 3 1 0 3 2 3 3 3 0 1
split_gain=1643.08 522.577 286.639 238.29 245.671 172.629 138.059 137.874 130.367 92.1078 75.7521 82.5027 75.5703 75.0031 60.2541 48.0662 45.8721 44.9337 42.5136 41.06 101.256 39.7149 30.1457 34.1442 29.0494 25.3712 24.7927 22.9846 22.7376 20.7782
threshold=6.5000000000000009 2.5000000000000004 1.0000000180025095e-35 5.5000000000000009 1.0000000180025095e-35 44.500000000000007 18.500000000000004 1.0000000180025095e-35 44.500000000000007 27.500000000000004 41.500000000000007 9.5000000000000018 11.500000000000002 2.5000000000000004 1.0000000180025095e-35 3.5000000000000004 8.5000000000000018 4.5000000000000009 13.500000000000002 9.5000000000000018 6.5000000000000009 11.500000000000002 5.5000000000000009 7.5000000000000009 1.5000000000000002 6.5000000000000009 7.5000000000000009 3.5000000000000004 1.5000000000000002 5.5000000000000009
decision_type=2 2 2 2 2 2 2 2 2 2 2 2 2 2 2 2 2 2 2 2 2 2 2 2 2 2 2 2 2 2
left_child=1 5 6 -2 9 7 29 21 12 13 11 16 26 -5 -14 -8 25 24 -9 20 27 -1 23 -16 -11 -6 -4 -17 -20 -3
right_child=3 2 8 4 10 -7 15 18 -10 17 -12 -13 14 -15 22 19 -18 -19 28 -21 -22 -23 -24 -25 -26 -27 -28 -29 -30 -31
leaf_value=-0.22007763995365665 -0.058563885061691204 -0.13979441034793855 0.0012704476714134217 0.078721606595949692 0.15564066775334187 0.015667937982540864 -0.068451214299943205 -0.12584866939052461 0.12858076056997692 0.087282990677548314 0.24352616436779498 0.05091919052329931 -0.043100385367870336 -0.022008338594986573 0.002011507886404894 0.008040887909010053 0.2019871011376381 0.044291448693435931 -0.080414829785759395 -0.057244430597011869 0.11201381929218771 -0.14470432104871553 0.085944003645669342 0.064269548730808312 0.15868300050497056 0.088488287652250044 -0.071618031071765093 -0.057487654070491383 -0.020694862306118014 -0.08592098977357622
leaf_weight=22 24 25 20 33 39 26 39 31 28 28 20 22 23 42 49 32 37 26 37 26 20 85 33 40 29 22 28 23 28 63
leaf_count=22 24 25 20 33 39 26 39 31 28 28 20 22 23 42 49 32 37 26 37 26 20 85 33 40 29 22 28 23 28 63
internal_value=0 -0.0441685 -0.0128194 0.0930007 0.105207 -0.105635 -0.0521512 -0.121171 0.0277582 0.0624732 0.153436 0.138421 0.0131311 0.0223128 0.0311323 -0.0213042 0.158064 0.0987628 -0.0776678 -0.00309888 0.0156716 -0.160202 0.045127 0.0299926 0.123609 0.131422 -0.0412478 -0.019362 -0.0546893 -0.101226
internal_weight=0 678 449 322 298 229 228 203 221 158 140 120 193 75 145 140 98 83 96 101 75 107 122 89 57 61 48 55 65 88
internal_count=1000 678 449 322 298 229 228 203 221 158 140 120 193 75 145 140 98 83 96 101 75 107 122 89 57 61 48 55 65 88
is_linear=0
shrinkage=0.05


Tree=44
num_leaves=31
num_cat=0
split_feature=0 1 0 0 1 1 4 1 4 1 2 1 3 1 1 0 1 0 1 3 4 3 3 2 3 1 0 4 1 2
split_gain=1488.09 552.356 424.003 267.267 236.07 234.875 214.146 167.297 137.261 102.05 93.8419 72.6034 54.4953 53.2933 49.648 49.2556 51.1939 48.369 49.219 59.7415 45.3329 52.6348 38.2242 73.3259 38.0297 37.6472 32.1964 30.4794 29.9761 26.5516
threshold=4.5000000000000009 2.5000000000000004 8.5000000000000018 1.5000000000000002 45.500000000000007 44.500000000000007 1.0000000180025095e-35 29.500000000000004 1.0000000180025095e-35 35.500000000000007 3.5000000000000004 22.500000000000004 5.5000000000000009 10.500000000000002 15.500000000000002 5.5000000000000009 18.500000000000004 7.5000000000000009 34.500000000000007 7.5000000000000009 1.0000000180025095e-35 6.5000000000000009 4.5000000000000009 1.5000000000000002 5.5000000000000009 19.500000000000004 3.5000000000000004 1.0000000180025095e-35 31.500000000000004 4.5000000000000009
decision_type=2 2 2 2 2 2 2 2 2 2 2 2 2 2 2 2 2 2 2 2 2 2 2 2 2 2 2 2 2 2
left_child=3 -2 4 9 6 8 10 25 13 20 17 12 -8 -5 26 -12 -17 18 19 -3 21 -1 -15 -24 -16 -4 -10 -11 -25 -13
right_child=1 2 7 5 -6 -7 11 -9 14 27 15 29 -14 22 24 16 -18 -19 -20 -21 -22 -23 23 28 -26 -27 -28 -29 -30 -31
leaf_value=-0.2454906301064925 -0.20228765860199927 0.019615502562373877 0.13939005918800831 -0.16262096542379131 0.16305397488176823 0.074843522023997813 0.083508296918712172 0.24722709493977685 -0.097213826611124238 -0.10110929077086242 -0.094995411899354731 0.088437389381495979 0.0021895656651920743 -0.035665087423154287 -0.048248050516021664 -0.074311148592581353 0.016114561450150278 0.083611261180291579 0.073185294380654464 -0.083895403072237973 -0.11816299476406791 -0.14130415460439746 -0.1760376196015965 -0.099032013994805962 0.021119689358578577 0.057958889515562495 -0.017000162601470949 -0.016711958572268489 -0.026048167049884798 0.15035926764426025
leaf_weight=22 20 46 40 23 38 38 38 35 29 23 27 70 45 35 29 24 45 30 23 20 44 27 22 34 62 22 22 20 24 23
leaf_count=22 20 46 40 23 38 38 38 35 29 23 27 70 45 35 29 24 45 30 23 20 44 27 22 34 62 22 22 20 24 23
internal_value=0 0.0556181 0.0654244 -0.0668887 0.0440783 -0.0418005 0.0325155 0.159831 -0.0576307 -0.125551 -0.000963645 0.0734132 0.0394198 -0.0931423 -0.0231196 -0.0377415 -0.0153379 0.0287059 0.0101985 -0.0117514 -0.155002 -0.188082 -0.0792465 -0.0983134 -0.000986513 0.110495 -0.0626119 -0.0618547 -0.0688318 0.103751
internal_weight=0 546 526 454 429 318 391 97 280 136 215 176 83 138 142 96 69 119 89 66 93 49 115 80 91 62 51 43 58 93
internal_count=1000 546 526 454 429 318 391 97 280 136 215 176 83 138 142 96 69 119 89 66 93 49 115 80 91 62 51 43 58 93
is_linear=0
shrinkage=0.05


Tree=45
num_leaves=31
num_cat=0
split_feature=0 0 1 4 4 4 1 1 1 1 2 2 0 1 1 2 1 3 1 3 3 3 3 2 0 3 2 1 0 3
split_gain=1352.42 434.389 197.423 211.798 185.8 180.27 105.233 102.808 92.4281 91.361 107.161 86.7722 77.9837 70.658 65.5093 60.2151 52.4728 52.4403 43.1178 35.4361 90.4466 32.3741 29.5762 28.7879 42.5783 31.3694 27.868 27.3238 21.7265 20.9128
threshold=6.5000000000000009 3.5000000000000004 5.5000000000000009 1.0000000180025095e-35 1.0000000180025095e-35 1.0000000180025095e-35 10.500000000000002 18.500000000000004 33.500000000000007 29.500000000000004 1.5000000000000002 4.5000000000000009 8.5000000000000018 26.500000000000004 34.500000000000007 3.5000000000000004 10.500000000000002 6.5000000000000009 43.500000000000007 9.5000000000000018 6.5000000000000009 5.5000000000000009 5.5000000000000009 1.5000000000000002 7.5000000000000009 6.5000000000000009 3.5000000000000004 16.500000000000004 1.5000000000000002 6.5000000000000009
decision_type=2 2 2 2 2 2 2 2 2 2 2 2 2 2 2 2 2 2 2 2 2 2 2 2 2 2 2 2 2 2
left_child=1 5 -2 12 7 6 -1 22 27 10 -7 15 18 -13 23 -8 -12 -14 21 20 -9 -4 -3 -5 -25 -26 -23 29 -11 -6
right_child=2 4 3 14 8 9 11 19 -10 28 16 13 17 -15 -16 -17 -18 -19 -20 -21 -22 26 -24 24 25 -27 -28 -29 -30 -31
leaf_value=-0.20713821294216009 -0.053581882112969964 -0.05055833148104804 -0.017215640914759467 0.075026964050318515 0.030150809399783613 -0.16272516512870791 -0.09300776295665214 -0.018723943030292338 0.10004417737136069 -0.038879709334477139 -0.10013126830259961 -0.21788161105435827 0.17308983664959671 -0.091027789669377468 0.19251102597142261 -0.00019795108925212514 -0.013929236022865072 0.0599618823045776 0.10185857608914375 -0.053351790859149054 0.10544144168496133 0.073353330484207932 -0.11653719765670373 0.075447697582699008 0.19376611426986498 0.11236939987167716 0.0059936605659978732 0.039270323306574664 0.020223258200955267 -0.034644219459909385
leaf_weight=26 24 35 35 28 20 25 85 55 46 23 27 23 20 21 42 22 51 21 20 26 20 34 33 21 29 20 28 59 48 33
leaf_count=26 24 35 35 28 20 25 85 55 46 23 27 23 20 21 42 22 51 21 20 26 20 34 33 21 29 20 28 59 48 33
internal_value=0 -0.0400719 0.0843749 0.0954855 0.00139246 -0.078701 -0.114229 -0.0350497 0.0403718 -0.0425608 -0.0726414 -0.098231 0.0558067 -0.157338 0.140266 -0.0739254 -0.0437684 0.115146 0.0350125 -0.00305084 0.0143868 0.0212298 -0.0825775 0.117875 0.135014 0.160543 0.0429328 0.0158634 0.00107723 -0.0101933
internal_weight=0 678 322 298 327 351 177 169 158 174 103 151 158 44 140 107 78 41 117 101 75 97 68 98 70 49 62 112 71 53
internal_count=1000 678 322 298 327 351 177 169 158 174 103 151 158 44 140 107 78 41 117 101 75 97 68 98 70 49 62 112 71 53
is_linear=0
shrinkage=0.05


Tree=46
num_leaves=31
num_cat=0
split_feature=0 0 0 1 1 4 1 4 1 1 1 0 1 1 1 3 3 2 2 4 0 3 0 3 2 4 4 2 0 3
split_gain=1222.77 315.544 266.13 227.797 214.304 205.617 185.877 168.637 94.4726 86.8696 82.8027 95.8372 76.1881 73.8755 45.9914 42.7566 69.0159 41.2521 41.1274 65.8343 38.8342 45.4935 31.6507 27.9084 48.0044 27.3887 26.105 26.0655 29.7342 47.1423
threshold=5.5000000000000009 1.5000000000000002 8.5000000000000018 3.5000000000000004 5.5000000000000009 1.0000000180025095e-35 29.500000000000004 1.0000000180025095e-35 45.500000000000007 35.500000000000007 44.500000000000007 3.5000000000000004 44.500000000000007 41.500000000000007 36.500000000000007 10.500000000000002 6.5000000000000009 4.5000000000000009 1.5000000000000002 1.0000000180025095e-35 6.5000000000000009 6.5000000000000009 3.5000000000000004 4.5000000000000009 2.5000000000000004 1.0000000180025095e-35 1.0000000180025095e-35 3.5000000000000004 7.5000000000000009 4.5000000000000009
decision_type=2 2 2 2 2 2 2 2 2 2 2 2 2 2 2 2 2 2 2 2 2 2 2 2 2 2 2 2 2 2
left_child=1 9 4 -3 -2 10 25 12 15 18 11 17 27 20 -13 16 22 23 -1 -20 -9 -22 -7 -5 -25 -4 -11 28 29 -6
right_child=2 3 6 5 7 8 -8 13 -10 26 -12 14 -14 -15 -16 -17 -18 -19 19 -21 21 -23 -24 24 -26 -27 -28 -29 -30 -31
leaf_value=-0.20517507225275039 -0.085656902436167012 -0.17069344698236541 0.046499485936429767 -0.036000275070017039 0.061631663550030108 -0.048359428973574391 0.22758109435439111 0.034356092277801398 0.10618864211898585 -0.092038850551066198 0.037670279395851221 -0.048935265422743915 0.11054355665331794 0.17651597551691037 0.034234201654114504 -0.049197578285970996 0.054027390382610833 -0.16108605238524351 -0.16858124917325301 -0.073392476229106676 0.1365705019961565 0.057441785731626782 0.013304402023229911 -0.15781939315863633 -0.055567265767604117 0.11167449993081391 -0.013932375386357308 -0.015245618691551499 0.068056871215331147 -0.033447598194470629
leaf_weight=20 30 26 27 22 22 38 35 33 26 23 22 68 21 24 22 31 65 22 39 34 39 34 46 22 24 40 20 64 29 32
leaf_count=20 30 26 27 22 22 38 35 33 26 23 22 68 21 24 22 31 65 22 39 34 39 34 46 22 24 40 20 64 29 32
internal_value=0 -0.0480218 0.0636568 -0.0271967 0.0417214 -0.0180523 0.134194 0.0545447 0.0170966 -0.114478 -0.0538972 -0.0650888 0.0214578 0.0973031 -0.028605 0.00422778 0.0153431 -0.101573 -0.141651 -0.124247 0.0793681 0.099716 -0.0145911 -0.0823183 -0.10447 0.0854099 -0.0557103 0.00873131 0.0272196 0.0052884
internal_weight=0 570 430 434 328 408 102 298 206 136 202 180 168 130 90 180 149 90 93 73 106 73 84 68 46 67 43 147 83 54
internal_count=1000 570 430 434 328 408 102 298 206 136 202 180 168 130 90 180 149 90 93 73 106 73 84 68 46 67 43 147 83 54
is_linear=0
shrinkage=0.05


Tree=47
num_leaves=31
num_cat=0
split_feature=0 1 0 0 1 1 4 1 4 1 2 1 3 2 3 1 0 3 3 0 1 1 0 3 3 1 0 3 4 2
split_gain=1105.89 454.006 318.329 202.735 188.282 181.608 154.285 132.427 99.9066 78.3998 76.6765 56.8322 49.4291 75.4945 43.0051 41.8506 45.4644 40.9653 61.5486 40.924 43.1675 37.638 36.7722 41.8709 32.5511 27.3792 25.0441 23.656 23.5597 23.409
threshold=4.5000000000000009 2.5000000000000004 8.5000000000000018 1.5000000000000002 45.500000000000007 44.500000000000007 1.0000000180025095e-35 35.500000000000007 1.0000000180025095e-35 35.500000000000007 3.5000000000000004 22.500000000000004 8.5000000000000018 3.5000000000000004 5.5000000000000009 12.500000000000002 2.5000000000000004 3.5000000000000004 8.5000000000000018 5.5000000000000009 18.500000000000004 15.500000000000002 7.5000000000000009 8.5000000000000018 5.5000000000000009 32.500000000000007 3.5000000000000004 7.5000000000000009 1.0000000180025095e-35 4.5000000000000009
decision_type=2 2 2 2 2 2 2 2 2 2 2 2 2 2 2 2 2 2 2 2 2 2 2 2 2 2 2 2 2 2
left_child=3 -2 4 9 6 8 10 12 15 17 22 14 13 -4 -8 -5 -17 -1 -19 -12 -21 26 23 -3 -23 -26 -10 -22 -11 -13
right_child=1 2 7 5 -6 -7 11 -9 21 28 19 29 -14 -15 -16 16 -18 18 -20 20 27 24 -24 -25 25 -27 -28 -29 -30 -31
leaf_value=-0.19418300979516723 -0.1858736548665911 0.029338360714780933 0.06774572432041169 -0.13227217070758343 0.14459467528289871 0.066755667191587001 0.071819308218791303 0.2377825299501419 -0.08519204669985278 -0.087436907446902745 -0.085834101835886634 0.075191573962303151 0.04175766184926033 0.19072169416870635 -0.00041960815588633219 -0.1133762754061643 -0.043526960113966791 -0.070193832817797869 -0.16330955529851574 -0.067378793517127639 -0.018254580783347289 -0.04474299246252611 0.074289910569787024 -0.051432946209041847 0.045839614867183728 -0.022375169194613895 -0.014446794749660928 0.054411454143978299 -0.013235758394002914 0.13333361407984859
leaf_weight=22 20 68 24 30 38 38 38 25 29 23 27 70 22 26 45 34 74 36 35 24 24 29 30 21 38 24 22 21 20 23
leaf_count=22 20 68 24 30 38 38 38 25 29 23 27 70 22 26 45 34 74 36 35 24 24 29 30 21 38 24 22 21 20 23
internal_value=0 0.0479467 0.0568372 -0.0576627 0.0383414 -0.0358122 0.028015 0.138638 -0.0497321 -0.108754 -0.000402173 0.0627292 0.104213 0.131693 0.0326536 -0.0800286 -0.0655166 -0.134568 -0.116096 -0.0336467 -0.0132255 -0.020289 0.0264169 0.01028 -0.00101808 0.0194339 -0.0546745 0.0156562 -0.0529247 0.0895708
internal_weight=0 546 526 454 429 318 391 97 280 136 215 176 72 50 83 138 108 93 71 96 69 142 119 89 91 62 51 45 43 93
internal_count=1000 546 526 454 429 318 391 97 280 136 215 176 72 50 83 138 108 93 71 96 69 142 119 89 91 62 51 45 43 93
is_linear=0
shrinkage=0.05


Tree=48
num_leaves=31
num_cat=0
split_feature=0 0 1 4 1 4 1 1 0 1 1 2 1 3 3 0 2 4 2 1 3 1 3 2 0 3 3 1 2 4
split_gain=1007.52 321.455 245.61 165.618 151.119 165.435 76.5118 70.7558 66.5707 67.0918 62.0727 58.7025 51.9509 67.501 50.0437 47.2316 37.5484 59.5665 37.0637 34.1287 42.1689 33.6334 31.6605 30.8508 29.2984 27.9732 28.6733 31.1364 21.8028 21.2627
threshold=6.5000000000000009 1.5000000000000002 44.500000000000007 1.0000000180025095e-35 5.5000000000000009 1.0000000180025095e-35 4.5000000000000009 35.500000000000007 2.5000000000000004 18.500000000000004 27.500000000000004 2.5000000000000004 41.500000000000007 9.5000000000000018 9.5000000000000018 3.5000000000000004 1.5000000000000002 1.0000000180025095e-35 4.5000000000000009 33.500000000000007 6.5000000000000009 47.500000000000007 5.5000000000000009 1.5000000000000002 8.5000000000000018 9.5000000000000018 7.5000000000000009 23.500000000000004 3.5000000000000004 1.0000000180025095e-35
decision_type=2 2 2 2 2 2 2 2 2 2 2 2 2 2 2 2 2 2 2 2 2 2 2 2 2 2 2 2 2 2
left_child=1 7 3 8 -2 10 -5 16 22 -10 11 -6 13 24 -11 19 -1 -18 23 20 -8 -4 -3 -12 28 26 27 -17 -7 -9
right_child=4 2 21 6 5 12 15 29 9 14 18 -13 -14 -15 -16 25 17 -19 -20 -21 -22 -23 -24 -25 -26 -27 -28 -29 -30 -31
leaf_value=-0.18853721156716349 -0.04787347906579574 -0.069780490994453423 0.048030634396351302 -0.085775133578673668 0.064413831857117743 0.13023942943058306 -0.044309388383709153 -0.083065062761306763 -0.079196044002574961 -0.0022044987428462368 0.062399631845099592 -0.024700422469703928 0.19672979995608331 0.030541289784014228 -0.077093352973461149 -0.0062788613326847558 -0.15338158208685809 -0.062837376094916284 0.027797652150575933 -0.071912265450439675 0.037221642285585409 0.124265753445418 -0.1567019308832559 0.13598009959377091 0.16255925044014649 -0.012005592989735307 0.089325214064680039 0.060903447077554823 0.069048856447140372 -0.01257396884262562
leaf_weight=20 24 20 39 23 33 37 29 23 88 87 28 42 20 22 30 35 39 34 26 22 35 23 22 29 37 30 25 34 24 20
leaf_count=20 24 20 39 23 33 37 29 23 88 87 28 42 20 22 30 35 39 34 26 22 35 23 22 29 37 30 25 34 24 20
internal_value=0 -0.0345868 -0.0173409 -0.0294377 0.0728256 0.0825464 0.000801746 -0.103317 -0.0579631 -0.0462139 0.0474784 0.0145098 0.122123 0.109689 -0.0214068 0.010284 -0.12784 -0.11121 0.0772693 -0.0181894 0.000277894 0.0763114 -0.115311 0.0998353 0.127456 0.0300316 0.0434477 0.0268255 0.106164 -0.0502785
internal_weight=0 678 542 480 322 298 233 136 247 205 158 75 140 120 117 210 93 73 83 86 64 62 42 57 98 124 94 69 61 43
internal_count=1000 678 542 480 322 298 233 136 247 205 158 75 140 120 117 210 93 73 83 86 64 62 42 57 98 124 94 69 61 43
is_linear=0
shrinkage=0.05


Tree=49
num_leaves=31
num_cat=0
split_feature=0 1 0 0 1 1 4 1 4 1 2 1 3 3 1 0 1 2 0 1 3 2 3 0 1 3 4 4 3 1
split_gain=911.594 390.281 269.632 162.901 161.064 146.677 126.051 117.502 81.5558 66.1222 65.5232 47.4766 69.8963 46.613 37.0207 34.133 35.2846 33.8113 37.7805 33.5749 31.249 63.3195 29.2579 29.0836 38.1989 47.8986 26.6521 23.9478 23.0529 22.7816
threshold=4.5000000000000009 2.5000000000000004 8.5000000000000018 1.5000000000000002 45.500000000000007 44.500000000000007 1.0000000180025095e-35 29.500000000000004 1.0000000180025095e-35 21.500000000000004 3.5000000000000004 16.500000000000004 5.5000000000000009 8.5000000000000018 10.500000000000002 5.5000000000000009 18.500000000000004 1.0000000180025095e-35 2.5000000000000004 19.500000000000004 4.5000000000000009 1.5000000000000002 9.5000000000000018 7.5000000000000009 34.500000000000007 7.5000000000000009 1.0000000180025095e-35 1.0000000180025095e-35 6.5000000000000009 23.500000000000004
decision_type=2 2 2 2 2 2 2 2 2 2 2 2 2 2 2 2 2 2 2 2 2 2 2 2 2 2 2 2 2 2
left_child=3 -2 4 9 6 8 10 19 14 13 23 12 -8 27 -5 -12 -17 -10 -19 -4 -16 -22 29 24 25 -3 28 -1 -11 -20
right_child=1 2 7 5 -6 -7 11 -9 17 26 15 -13 -14 -15 20 16 -18 18 22 -21 21 -23 -24 -25 -26 -27 -28 -29 -30 -31
leaf_value=-0.1414672631415583 -0.17325913757085801 0.018705376427944589 0.11299925399944187 -0.13055677687668282 0.13302565640524816 0.059411401193785046 0.080767384290695188 0.20030208732400623 -0.077239137568644117 -0.12703778486360204 -0.078877468462343572 0.074318700357495493 -0.031600025248142982 -0.19439271065321836 -0.021662451688732421 -0.061525974065686266 0.013545532541142569 -0.052304829965744704 0.00015194898373202276 0.036098253100433131 -0.15053344070911409 -0.050910702232142981 -0.043664501032908448 0.066882309243083013 0.065445337606512985 -0.073979631438851362 -0.03059735533691222 -0.065018566921353341 -0.052867305614054207 0.059589821273194891
leaf_weight=21 20 46 40 23 38 38 25 35 21 22 27 120 31 22 35 24 45 35 38 22 22 58 20 30 23 20 31 20 20 28
leaf_count=21 20 46 40 23 38 38 25 35 21 22 27 120 31 22 35 24 45 35 38 22 22 58 20 30 23 20 31 20 20 28
internal_value=0 0.0435314 0.0517744 -0.0523527 0.034752 -0.0327661 0.0252011 0.127059 -0.0452759 -0.0981509 -0.000484648 0.0565786 0.018564 -0.13568 -0.0726489 -0.0312163 -0.0125663 -0.0186739 -0.00850967 0.0857118 -0.0610673 -0.078307 0.00931394 0.0243073 0.00995615 -0.00938099 -0.065763 -0.104175 -0.0917185 0.025368
internal_weight=0 546 526 454 429 318 391 97 280 136 215 176 56 63 138 96 69 142 121 62 115 80 86 119 89 66 73 41 42 66
internal_count=1000 546 526 454 429 318 391 97 280 136 215 176 56 63 138 96 69 142 121 62 115 80 86 119 89 66 73 41 42 66
is_linear=0
shrinkage=0.05


Tree=50
num_leaves=31
num_cat=0
split_feature=0 0 4 1 1 0 1 1 4 3 1 1 1 0 2 2 0 1 3 3 3 1 0 3 3 2 1 1 1 2
split_gain=828.49 267.132 127.597 122.94 117.578 96.7917 107.376 88.4501 80.8308 74.2402 73.1458 66.7215 51.9575 49.9292 46.4917 45.863 52.2145 45.4132 38.5944 67.3272 37.4147 35.1264 34.4339 32.6842 79.6539 31.3001 57.9123 30.4471 30.4141 26.1817
threshold=6.5000000000000009 3.5000000000000004 1.0000000180025095e-35 10.500000000000002 3.5000000000000004 1.5000000000000002 44.500000000000007 22.500000000000004 1.0000000180025095e-35 4.5000000000000009 16.500000000000004 18.500000000000004 33.500000000000007 2.5000000000000004 1.5000000000000002 4.5000000000000009 8.5000000000000018 35.500000000000007 9.5000000000000018 6.5000000000000009 3.5000000000000004 28.500000000000004 8.5000000000000018 4.5000000000000009 2.5000000000000004 1.5000000000000002 13.500000000000002 34.500000000000007 35.500000000000007 1.5000000000000002
decision_type=2 2 2 2 2 2 2 2 2 2 2 2 2 2 2 2 2 2 2 2 2 2 2 2 2 2 2 2 2 2
left_child=1 3 10 9 -3 17 11 20 18 -1 14 -7 25 27 -2 16 -12 -5 19 23 -4 -15 -22 24 -6 -10 -27 -13 -23 -9
right_child=2 4 7 5 8 6 -8 29 12 -11 15 13 -14 21 -16 -17 -18 -19 -20 -21 22 28 -24 -25 -26 26 -28 -29 -30 -31
leaf_value=-0.19765707182333522 -0.068801985816522082 -0.10537855140864849 0.0032792412808963231 -0.10998327723852751 -0.065714375575383496 0.020004870002823218 0.072808868694119164 0.096120005514886642 0.057959445926450914 -0.082656431694825505 0.05587656302013784 -0.063687143704543522 0.080241208078096746 -0.078485700741410258 0.028327803100858417 0.011101652319366868 0.14843164250254631 -0.044517941322437554 -0.059303000843838639 0.060550082102417947 0.042290648130270156 0.032199838519096378 0.12447543662786485 -0.076977213167331443 0.046065436172134738 -0.074297900348901755 0.02637308566272259 -0.14218495743615286 -0.050523626878857614 0.15680744816334202
leaf_weight=23 22 24 21 69 30 35 24 27 31 36 64 30 46 25 28 37 20 43 38 32 26 25 25 22 34 20 50 21 20 52
leaf_count=23 22 24 21 69 30 35 24 27 31 36 64 30 46 25 28 37 20 43 38 32 26 25 25 22 34 20 50 21 20 52
internal_value=0 -0.0313637 0.066039 -0.0616564 0.00115239 -0.048355 -0.0256474 0.0995333 0.00959049 -0.127487 0.0364622 -0.0407945 0.0361941 -0.0583811 -0.0144093 0.0574834 0.0779135 -0.0848493 -0.0154783 -0.00136528 0.0594487 -0.030966 0.0825773 -0.0244035 -0.00633135 0.0161331 -0.00239005 -0.0960098 -0.00456615 0.136066
internal_weight=0 678 322 351 327 292 180 151 303 59 171 156 147 121 50 121 84 112 156 118 72 70 51 86 64 101 70 51 45 79
internal_count=1000 678 322 351 327 292 180 151 303 59 171 156 147 121 50 121 84 112 156 118 72 70 51 86 64 101 70 51 45 79
is_linear=0
shrinkage=0.05


Tree=51
num_leaves=31
num_cat=0
split_feature=0 0 4 1 4 1 0 1 2 0 2 1 1 0 1 1 3 3 3 1 3 0 1 2 3 3 2 1 4 4
split_gain=750.985 185.258 175.802 162.363 130.902 112.204 110.477 103.596 71.3572 58.974 57.3422 55.4207 52.9542 50.9555 49.148 48.4603 43.3696 32.0944 50.0396 31.9663 31.6095 47.269 29.4004 29.1902 27.2156 33.0335 28.154 24.9608 23.7897 21.2203
threshold=5.5000000000000009 1.5000000000000002 1.0000000180025095e-35 3.5000000000000004 1.0000000180025095e-35 10.500000000000002 8.5000000000000018 43.500000000000007 5.5000000000000009 8.5000000000000018 4.5000000000000009 21.500000000000004 17.500000000000004 3.5000000000000004 28.500000000000004 44.500000000000007 8.5000000000000018 10.500000000000002 4.5000000000000009 36.500000000000007 8.5000000000000018 7.5000000000000009 24.500000000000004 2.5000000000000004 6.5000000000000009 2.5000000000000004 3.5000000000000004 27.500000000000004 1.0000000180025095e-35 1.0000000180025095e-35
decision_type=2 2 2 2 2 2 2 2 2 2 2 2 2 2 2 2 2 2 2 2 2 2 2 2 2 2 2 2 2 2
left_child=1 11 5 -3 13 -2 15 9 10 24 17 16 -11 14 -5 20 29 18 -6 27 21 23 -20 -7 25 -4 -26 -15 -13 -1
right_child=2 3 7 4 8 6 -8 -9 -10 12 -12 28 -14 19 -16 -17 -18 -19 22 -21 -22 -23 -24 -25 26 -27 -28 -29 -30 -31
leaf_value=-0.12762870121569861 -0.051625518644736572 -0.14282420483919292 0.029744835651439167 -0.10440411794309815 -0.019060511311981828 -0.022433565811564526 0.11582556197212801 0.19225837469100954 0.086789215561644789 0.063632073104381556 -0.063473744929901196 -0.08342592531726474 0.16374940530263954 -0.016535383859730284 -0.034242309457980673 0.088827421569398476 -0.17954654720696539 -0.0307611252451616 0.016567232030340367 0.021892534431946629 0.046807686901754804 -0.064143605806209425 0.078144109089459693 0.043935270627608172 0.055626533080528423 0.10529696366343744 -0.013488769272099372 -0.081288865615021105 -0.025680108825045248 -0.05566500537330285
leaf_weight=21 44 26 23 48 40 30 36 20 29 25 28 42 28 46 52 21 22 31 36 34 36 27 42 37 41 39 23 22 31 20
leaf_count=21 44 26 23 48 40 30 36 20 29 25 28 42 28 46 52 21 22 31 36 34 36 27 42 37 41 39 23 22 31 20
internal_value=0 -0.0376342 0.0498872 -0.0216774 -0.0139572 0.0202137 0.0371171 0.0843322 0.0140878 0.0722734 0.00217623 -0.0885551 0.116524 -0.0425576 -0.06792 0.0183521 -0.122913 0.0145131 0.0264072 -0.0176925 0.00696767 -0.00829021 0.049724 0.0142179 0.05366 0.0772696 0.0307882 -0.037485 -0.0589037 -0.0925245
internal_weight=0 570 430 434 408 231 187 199 206 179 177 136 53 202 100 151 63 149 118 102 130 94 78 67 126 62 64 68 73 41
internal_count=1000 570 430 434 408 231 187 199 206 179 177 136 53 202 100 151 63 149 118 102 130 94 78 67 126 62 64 68 73 41
is_linear=0
shrinkage=0.05


Tree=52
num_leaves=31
num_cat=0
split_feature=0 1 0 1 4 1 4 1 4 2 1 1 2 3 2 0 3 3 1 2 1 1 3 2 2 2 0 3 3 1
split_gain=683.895 219.538 225.364 111.227 119.238 89.1165 87.7053 57.457 56.7801 49.5915 54.5931 45.9175 53.1289 45.8568 50.425 73.3981 39.8357 42.4443 39.5569 39.3837 85.8789 59.587 38.6993 31.81 29.9934 30.1542 23.5995 23.5047 70.3368 22.9133
threshold=6.5000000000000009 47.500000000000007 3.5000000000000004 5.5000000000000009 1.0000000180025095e-35 3.5000000000000004 1.0000000180025095e-35 10.500000000000002 1.0000000180025095e-35 4.5000000000000009 26.500000000000004 27.500000000000004 2.5000000000000004 10.500000000000002 1.5000000000000002 7.5000000000000009 9.5000000000000018 2.5000000000000004 10.500000000000002 2.5000000000000004 24.500000000000004 19.500000000000004 4.5000000000000009 2.5000000000000004 4.5000000000000009 1.5000000000000002 2.5000000000000004 4.5000000000000009 6.5000000000000009 33.500000000000007
decision_type=2 2 2 2 2 2 2 2 2 2 2 2 2 2 2 2 2 2 2 2 2 2 2 2 2 2 2 2 2 2
left_child=1 2 6 -2 11 -4 7 -1 16 23 -11 12 -5 14 -6 -16 17 -7 -8 20 -20 -21 -17 26 25 -13 -9 -19 -29 -10
right_child=3 -3 5 4 13 8 18 9 29 10 -12 24 -14 -15 15 22 -18 27 19 21 -22 -23 -24 -25 -26 -27 -28 28 -30 -31
leaf_value=-0.15587259038136558 -0.043549623092015585 0.11691529560089112 -0.096135079860687256 0.057688145271756433 0.068205650857625866 -0.054662432367431707 -0.085558599956107872 -0.10875114554708654 0.014451848588293731 -0.17278299945325631 -0.061278657828058518 0.04747970660350153 -0.027090130826192244 0.037397989049634858 0.05792875020276933 0.12534920903188843 -0.062283152502936291 0.048376402574958226 -0.13958455115556717 0.070338029964339174 -0.0097035475500992369 -0.027957963741561079 0.20775941548676324 -0.026441593095660212 0.019686874374747278 0.12022472140860969 -0.040947737438338148 -0.073195536112920803 0.045363860647996954 0.05957351308495093
leaf_weight=26 24 25 24 33 39 29 33 33 101 23 21 28 42 23 21 28 37 33 20 21 35 58 29 48 26 29 21 22 29 39
leaf_count=26 24 25 24 33 39 29 33 33 101 23 21 28 42 23 21 28 37 33 20 21 35 58 29 48 26 29 21 22 29 39
internal_value=0 -0.0284956 -0.0340626 0.0600001 0.0683396 -0.00354221 -0.0623323 -0.0873921 0.00412065 -0.0751969 -0.119565 0.0385679 0.0102123 0.101939 0.114627 0.137837 -0.0172534 -0.0025092 -0.0365222 -0.0244461 -0.056933 -0.00182865 0.167277 -0.0560577 0.0641905 0.0844903 -0.0823832 0.0154961 -0.00577941 0.0270215
internal_weight=0 678 653 322 298 314 339 172 290 146 44 158 75 140 117 78 150 113 167 134 55 79 57 102 83 57 54 84 51 140
internal_count=1000 678 653 322 298 314 339 172 290 146 44 158 75 140 117 78 150 113 167 134 55 79 57 102 83 57 54 84 51 140
is_linear=0
shrinkage=0.05


Tree=53
num_leaves=31
num_cat=0
split_feature=0 1 0 1 4 1 4 3 3 1 1 3 2 0 1 2 2 2 3 1 3 0 3 2 1 2 2 0 3 1
split_gain=617.215 198.133 204.213 100.382 107.612 90.4652 77.2224 71.6211 60.7731 55.068 42.7727 41.3857 45.5086 66.2418 40.2247 53.5035 51.8669 39.0966 37.3845 35.6598 38.3938 59.8097 34.9261 32.3964 51.0169 27.4188 26.7137 49.8558 20.2772 17.1974
threshold=6.5000000000000009 47.500000000000007 2.5000000000000004 5.5000000000000009 1.0000000180025095e-35 3.5000000000000004 1.0000000180025095e-35 4.5000000000000009 5.5000000000000009 12.500000000000002 43.500000000000007 10.500000000000002 1.5000000000000002 7.5000000000000009 25.500000000000004 4.5000000000000009 4.5000000000000009 1.0000000180025095e-35 8.5000000000000018 31.500000000000004 9.5000000000000018 3.5000000000000004 4.5000000000000009 1.5000000000000002 11.500000000000002 3.5000000000000004 4.5000000000000009 7.5000000000000009 5.5000000000000009 18.500000000000004
decision_type=2 2 2 2 2 2 2 2 2 2 2 2 2 2 2 2 2 2 2 2 2 2 2 2 2 2 2 2 2 2
left_child=1 2 7 -2 10 -4 19 9 -9 -1 26 12 -6 -14 16 18 -10 -8 -16 20 21 -7 -15 -19 -25 -11 27 -5 -29 -23
right_child=3 -3 5 4 11 6 17 8 14 25 -12 -13 13 22 15 -17 -18 23 -20 -21 -22 29 -24 24 -26 -27 -28 28 -30 -31
leaf_value=-0.17699507487856825 -0.041372142670055234 0.11106952929496766 -0.094577175510987155 -0.0062190081521465972 0.064795369923544621 -0.094218262392454427 -0.041771294921636587 0.02449030005478893 -0.0582604327579824 -0.046981306433677678 0.09525673228960771 0.035528093203902246 0.05503231414726803 0.11908174870269639 -0.015960060358047486 0.030604160204529763 -0.14963499596714974 0.0733246932384269 -0.10688715680287436 -0.0020587837615286013 -0.09715594539625777 -0.02464551477324824 0.19737144306558987 -0.047955709839096444 0.029597748618410982 -0.12552580937277527 -0.010948453601953146 0.028819434415726437 0.090333980221200649 0.026866056741430212
leaf_weight=23 24 25 31 37 39 26 25 22 41 25 26 23 21 28 20 20 25 29 26 83 27 43 29 26 115 20 37 21 37 26
leaf_count=23 24 25 31 37 39 26 25 22 41 25 26 23 21 28 20 20 25 29 26 83 27 43 29 26 115 20 37 21 37 26
internal_value=0 -0.0270708 -0.0323595 0.0570001 0.0649226 -0.012292 -0.00591494 -0.0713193 -0.0524477 -0.114058 0.0366395 0.0968422 0.108895 0.130945 -0.0652707 -0.0376695 -0.092872 0.0166104 -0.0673536 -0.0273415 -0.044542 -0.0295886 0.158913 0.0251959 0.0152971 -0.08189 0.0250937 0.0391312 0.0680615 -0.00523536
internal_weight=0 678 653 322 298 431 400 222 154 68 158 140 117 78 132 66 66 195 46 205 122 95 57 170 141 45 132 95 58 69
internal_count=1000 678 653 322 298 431 400 222 154 68 158 140 117 78 132 66 66 195 46 205 122 95 57 170 141 45 132 95 58 69
is_linear=0
shrinkage=0.05


Tree=54
num_leaves=31
num_cat=0
split_feature=0 1 0 0 1 4 1 1 4 2 2 1 3 1 3 4 0 3 3 3 3 1 1 2 4 3 2 1 4 1
split_gain=560.239 146.656 143.345 129.979 125.704 102.35 84.3292 80.4517 62.8743 61.8535 53.6222 43.3769 39.3724 38.2798 52.4442 34.3529 32.3314 29.9385 47.1886 24.7036 34.6561 23.6511 22.8633 51.029 20.1075 20.9434 16.7517 37.2196 15.3893 12.3867
threshold=5.5000000000000009 43.500000000000007 1.5000000000000002 8.5000000000000018 3.5000000000000004 1.0000000180025095e-35 5.5000000000000009 29.500000000000004 1.0000000180025095e-35 5.5000000000000009 4.5000000000000009 21.500000000000004 8.5000000000000018 36.500000000000007 7.5000000000000009 1.0000000180025095e-35 2.5000000000000004 10.500000000000002 4.5000000000000009 6.5000000000000009 8.5000000000000018 24.500000000000004 19.500000000000004 3.5000000000000004 1.0000000180025095e-35 6.5000000000000009 1.5000000000000002 14.500000000000002 1.0000000180025095e-35 15.500000000000002
decision_type=2 2 2 2 2 2 2 2 2 2 2 2 2 2 2 2 2 2 2 2 2 2 2 2 2 2 2 2 2 2
left_child=2 3 11 6 -4 13 -2 22 29 10 17 12 28 16 -15 -3 -6 18 -7 -10 -21 -20 23 -5 25 -13 -18 -28 -1 -8
right_child=1 15 4 7 5 9 8 -9 19 -11 -12 24 -14 14 -16 -17 26 -19 21 20 -22 -23 -24 -25 -26 -27 27 -29 -30 -31
leaf_value=-0.10863363941510518 -0.063682500045955145 0.089688087743707012 -0.12506567480472416 0.026008905470371248 -0.10123740765783523 -0.018703452653717253 -0.023598423572804998 0.1604970841109753 0.076265818007024269 0.080809492026937435 -0.061452447556491409 -0.1072738558731296 -0.16165396814996547 -0.048367504967110501 0.04019443967845291 0.17322211388498546 -0.0067796157140816967 -0.029764873870918831 0.018354129930311401 -0.021594528747456418 0.058825352153665314 0.073583164633739567 0.01361878893592141 0.13273474879208066 -0.020520258598750639 -0.036578393653035161 -0.0039326330025990812 -0.076056830904815562 -0.04734965118579567 0.011006728849477239
leaf_weight=21 30 32 26 24 27 40 34 25 56 29 28 22 22 35 32 20 28 31 36 21 37 42 22 21 31 20 27 53 20 108
leaf_count=21 30 32 26 24 27 40 34 25 56 29 28 22 22 35 32 20 28 31 36 21 37 42 22 21 31 20 27 53 20 108
internal_value=0 0.0430883 -0.0325052 0.032258 -0.0184691 -0.0116762 0.0156288 0.0839531 0.0249231 0.0131223 0.00203234 -0.0772971 -0.107693 -0.0369657 -0.00606926 0.121817 -0.0522995 0.0139624 0.02545 0.0525784 0.0297078 0.0480928 0.0553919 0.0758143 -0.0510647 -0.0736094 -0.040065 -0.0517149 -0.078739 0.00272099
internal_weight=0 430 570 378 434 408 286 92 256 206 177 136 63 202 67 52 135 149 118 114 58 78 67 45 73 42 108 80 41 142
internal_count=1000 430 570 378 434 408 286 92 256 206 177 136 63 202 67 52 135 149 118 114 58 78 67 45 73 42 108 80 41 142
is_linear=0
shrinkage=0.05


Tree=55
num_leaves=31
num_cat=0
split_feature=0 1 0 1 1 4 4 2 1 2 0 2 0 3 2 1 3 3 0 2 1 1 3 3 3 1 1 2 1 3
split_gain=509.875 274.541 161.391 112.504 92.1741 91.626 69.2856 55.5951 53.9389 46.6346 42.8556 43.2866 41.5382 38.0987 59.3955 32.6789 58.553 27.1702 27.2896 25.5527 37.1267 24.7073 30.847 27.3279 20.4015 19.1804 39.2125 22.469 16.4405 14.9025
threshold=4.5000000000000009 2.5000000000000004 8.5000000000000018 45.500000000000007 35.500000000000007 1.0000000180025095e-35 1.0000000180025095e-35 3.5000000000000004 12.500000000000002 1.0000000180025095e-35 1.5000000000000002 4.5000000000000009 2.5000000000000004 8.5000000000000018 3.5000000000000004 16.500000000000004 5.5000000000000009 2.5000000000000004 5.5000000000000009 2.5000000000000004 28.500000000000004 35.500000000000007 8.5000000000000018 6.5000000000000009 5.5000000000000009 19.500000000000004 28.500000000000004 2.5000000000000004 12.500000000000002 6.5000000000000009
decision_type=2 2 2 2 2 2 2 2 2 2 2 2 2 2 2 2 2 2 2 2 2 2 2 2 2 2 2 2 2 2
left_child=5 -2 3 6 13 8 7 19 -1 -7 11 -10 28 14 -4 16 -8 -9 -19 20 24 22 23 -14 -3 -12 -27 -28 -11 -29
right_child=1 2 4 -5 -6 9 15 17 10 12 25 -13 21 -15 -16 -17 -18 18 -20 -21 -22 -23 -24 -25 -26 26 27 29 -30 -31
leaf_value=-0.11010663813870887 -0.1492694003880024 0.0041667259857058525 0.036399446738262974 0.10843397436761543 0.18042996132373812 -0.07092449612477246 0.066974637508392332 -0.080886171003803617 -0.048962809077718043 -0.067279894587894282 0.0094090326604518021 -0.13831799308890882 -0.0087036860565985405 0.014162488281726837 0.1454780092606178 0.05629880993316571 -0.035871413446241812 -0.065522825568914408 0.0025175200974834819 0.060314262652536858 -0.024230159107934347 0.055582541323922298 -0.048411630466580396 0.065169005872060856 0.073215520381927496 -0.096431222409009934 -0.054459223589476413 -0.031019356437027457 -0.019235913574263672 0.028615167737007143
leaf_weight=46 20 20 24 38 25 34 25 20 33 24 22 23 31 22 26 120 31 20 56 32 44 27 23 21 23 25 34 20 69 22
leaf_count=46 20 20 24 38 25 34 25 20 33 24 22 23 31 22 26 120 31 20 56 32 44 27 23 21 23 25 34 20 69 22
internal_value=0 0.0325562 0.0394697 0.0263001 0.0977148 -0.0391535 0.0183177 -0.000725479 -0.0618144 -0.0168884 -0.0494041 -0.0856623 -0.00746666 0.0689943 0.0931203 0.0415807 0.010042 -0.0290333 -0.0153878 0.0221111 0.00805936 0.0145686 -0.000196435 0.0211295 0.0410998 -0.0328963 -0.0421114 -0.024243 -0.0316344 0.000217775
internal_weight=0 546 526 429 97 454 391 215 225 229 179 56 195 72 50 176 56 96 76 119 87 102 75 52 43 123 101 76 93 42
internal_count=1000 546 526 429 97 454 391 215 225 229 179 56 195 72 50 176 56 96 76 119 87 102 75 52 43 123 101 76 93 42
is_linear=0
shrinkage=0.05


Tree=56
num_leaves=31
num_cat=0
split_feature=0 1 0 1 0 4 1 3 2 3 3 0 1 1 1 2 1 2 0 3 4 3 2 1 3 1 1 1 0 1
split_gain=462.986 167.427 157.752 79.1372 94.8402 63.5332 61.159 57.6018 71.5934 76.3586 57.1862 51.1625 54.5982 53.4201 88.0769 41.973 40.8168 34.8573 101.353 34.3346 27.3217 44.122 32.8457 23.6807 22.726 22.8657 21.9661 19.9217 32.3318 18.7424
threshold=6.5000000000000009 47.500000000000007 3.5000000000000004 35.500000000000007 8.5000000000000018 1.0000000180025095e-35 10.500000000000002 9.5000000000000018 1.5000000000000002 3.5000000000000004 4.5000000000000009 1.5000000000000002 18.500000000000004 28.500000000000004 33.500000000000007 2.5000000000000004 14.500000000000002 3.5000000000000004 8.5000000000000018 9.5000000000000018 1.0000000180025095e-35 6.5000000000000009 4.5000000000000009 43.500000000000007 6.5000000000000009 27.500000000000004 22.500000000000004 42.500000000000007 2.5000000000000004 16.500000000000004
decision_type=2 2 2 2 2 2 2 2 2 2 2 2 2 2 2 2 2 2 2 2 2 2 2 2 2 2 2 2 2 2
left_child=1 2 6 7 23 16 10 8 9 -2 -1 20 -13 -14 -15 -9 -4 -10 26 24 22 -22 -8 -5 25 -18 -19 28 -16 -7
right_child=3 -3 5 4 -6 29 11 15 17 -11 -12 12 13 14 27 -17 19 18 -20 -21 21 -23 -24 -25 -26 -27 -28 -29 -30 -31
leaf_value=-0.15980980318525564 -0.072458890581037855 0.10353960537910462 -0.060465362991364506 0.032800267525017267 0.17140846264362336 -0.0033586183316865062 -0.060762977928799748 0.034298404641449454 0.10586666005050266 0.0420686743806961 -0.058878376903723821 0.0306320399631347 -0.087070280349836118 0.057567839269284854 -0.11675077505409717 -0.064741561885761176 0.035260852506722916 -0.020370910267035167 0.12547940457505841 -0.056029675487014985 0.011319257268174128 -0.0819046092281739 -0.13716029518594344 0.092142319422343688 0.055315517280250796 -0.027926420529441137 0.046303853530081963 -0.016212969687249928 -0.026845478042960169 0.03354939466237794
leaf_weight=23 22 25 53 40 25 53 34 20 41 43 36 35 41 27 20 23 22 30 28 27 22 30 24 29 20 41 21 27 20 98
leaf_count=23 22 25 53 40 25 53 34 20 41 43 36 35 41 27 20 23 22 30 28 27 22 30 24 29 20 41 21 27 20 98
internal_value=0 -0.0234459 -0.0283075 0.0493675 0.0879718 -0.0027725 -0.0519595 0.0334517 0.0455679 0.0033055 -0.0982245 -0.0422107 -0.0250183 -0.0394461 -0.0186739 -0.0186765 -0.0244196 0.0684601 0.0490465 -0.00705214 -0.0687809 -0.0424637 -0.0923757 0.0577411 0.00888031 -0.00586102 0.0070834 -0.0493981 -0.0717981 0.0205949
internal_weight=0 678 653 322 94 314 339 228 185 65 59 280 170 135 94 43 163 120 79 110 110 52 58 69 83 63 51 67 40 151
internal_count=1000 678 653 322 94 314 339 228 185 65 59 280 170 135 94 43 163 120 79 110 110 52 58 69 83 63 51 67 40 151
is_linear=0
shrinkage=0.05


Tree=57
num_leaves=31
num_cat=0
split_feature=0 1 0 1 4 4 4 1 1 2 1 2 0 3 2 0 3 2 1 2 1 2 3 3 3 1 2 2 1 1
split_gain=417.845 151.103 142.372 76.4375 84.1751 57.9359 57.3387 38.8995 38.2008 35.9547 41.4258 33.4783 45.0671 32.6553 35.0572 52.2581 31.2478 30.5659 29.8275 27.7347 76.3996 32.1027 60.444 25.2168 22.2397 17.5962 15.4436 13.3776 25.609 13.3759
threshold=6.5000000000000009 47.500000000000007 3.5000000000000004 5.5000000000000009 1.0000000180025095e-35 1.0000000180025095e-35 1.0000000180025095e-35 10.500000000000002 18.500000000000004 4.5000000000000009 26.500000000000004 4.5000000000000009 8.5000000000000018 10.500000000000002 1.5000000000000002 7.5000000000000009 4.5000000000000009 3.5000000000000004 16.500000000000004 2.5000000000000004 24.500000000000004 3.5000000000000004 4.5000000000000009 9.5000000000000018 5.5000000000000009 33.500000000000007 5.5000000000000009 1.5000000000000002 11.500000000000002 17.500000000000004
decision_type=2 2 2 2 2 2 2 2 2 2 2 2 2 2 2 2 2 2 2 2 2 2 2 2 2 2 2 2 2 2
left_child=1 2 5 -2 11 7 8 -1 24 17 -11 12 18 14 -6 -16 -17 -9 -5 20 -7 -21 -23 -10 -4 27 -13 -8 -29 -24
right_child=3 -3 6 4 13 19 25 9 23 10 -12 26 -14 -15 15 16 -18 -19 -20 21 -22 22 29 -25 -26 -27 -28 28 -30 -31
leaf_value=-0.12607556901325903 -0.038942481577396396 0.098362624168396001 -0.02404344671538898 -0.026972786514531999 0.054043418417374291 -0.11424873841219936 0.035666526065153241 -0.056915562718016344 0.012674974285598313 -0.14383123369644518 -0.04670013263821602 -0.040698032565414904 0.096918666259995831 0.027578730654457342 0.044676766083354046 0.099268180817099552 0.17332052634707815 0.012023712396621705 0.041700511517410638 0.035715209635404442 -0.0045068406526531492 -0.098586856302889922 0.030849549316224602 -0.045825295507907871 -0.081256813330180727 0.04848978414606208 0.01879277468348543 -0.042432341223152786 0.018342683424886604 -0.01990369374261183
leaf_weight=26 24 25 35 21 39 29 34 82 70 23 21 20 29 23 21 28 29 20 64 26 35 22 21 25 33 39 24 26 52 34
leaf_count=26 24 25 35 21 39 29 34 82 70 23 21 20 29 23 21 28 29 20 64 26 35 22 21 25 33 39 24 26 52 34
internal_value=0 -0.0222736 -0.0268922 0.0468991 0.0538125 -0.0493615 -0.00263388 -0.069729 -0.0231986 -0.0596947 -0.0974732 0.0287982 0.0430969 0.082043 0.0927497 0.112103 0.136944 -0.0433981 0.0247342 -0.0283842 -0.0542336 -0.0123223 -0.0285428 -0.00271983 -0.0518088 0.0195652 -0.0082485 0.00949322 -0.00191566 -0.000525183
internal_weight=0 678 653 322 298 339 314 172 163 146 44 158 114 140 117 78 57 102 85 167 64 103 77 95 68 151 44 112 78 55
internal_count=1000 678 653 322 298 339 314 172 163 146 44 158 114 140 117 78 57 102 85 167 64 103 77 95 68 151 44 112 78 55
is_linear=0
shrinkage=0.05


Tree=58
num_leaves=31
num_cat=0
split_feature=0 1 0 1 1 0 1 4 2 4 1 3 3 2 1 3 3 2 2 1 3 0 0 0 3 1 3 3 4 3
split_gain=379.05 232.857 118.615 92.4126 74.5864 70.8442 72.9479 51.5984 46.4456 37.9097 35.5354 36.2584 29.1678 47.9968 26.4241 52.0273 25.5866 24.2632 23.0063 35.401 22.5515 28.8928 22.5269 21.4828 28.5421 27.8867 26.0885 17.2886 13.9281 21.0831
threshold=4.5000000000000009 2.5000000000000004 8.5000000000000018 45.500000000000007 35.500000000000007 1.5000000000000002 44.500000000000007 1.0000000180025095e-35 3.5000000000000004 1.0000000180025095e-35 21.500000000000004 8.5000000000000018 8.5000000000000018 3.5000000000000004 16.500000000000004 5.5000000000000009 2.5000000000000004 1.0000000180025095e-35 2.5000000000000004 28.500000000000004 10.500000000000002 2.5000000000000004 5.5000000000000009 2.5000000000000004 5.5000000000000009 31.500000000000004 8.5000000000000018 5.5000000000000009 1.0000000180025095e-35 6.5000000000000009
decision_type=2 2 2 2 2 2 2 2 2 2 2 2 2 2 2 2 2 2 2 2 2 2 2 2 2 2 2 2 2 2
left_child=5 -2 3 7 12 10 9 8 18 23 11 -1 13 -4 15 -9 -10 -11 19 27 21 -19 -18 24 -7 26 -25 -3 29 -12
right_child=1 2 4 -5 -6 6 -8 14 16 17 28 -13 -14 -15 -16 -17 22 20 -20 -21 -22 -23 -24 25 -26 -27 -28 -29 -30 -31
leaf_value=-0.063687121631895632 -0.13938382878899575 0.0052833359315991408 0.0286565395227323 0.097586788825298615 0.15877724939584734 -0.03492230117321015 0.044163391935197936 0.061294228196144107 -0.076713880589231856 -0.061139016704899934 -0.09275769188534469 -0.14325567456808957 0.010558762740005147 0.12671133987605573 0.04922287449007854 -0.035651557183554096 -0.058703459203243262 -0.0361228918922799 0.056601703644264492 -0.024511387910355221 -0.050020884509597512 0.023734717464281452 0.0031150215571480143 -0.078931171018630272 -0.11745218580419368 0.0037437265438418237 -0.013820639207959177 0.06884640273840531 -0.014796354777870641 -0.021826830729842189
leaf_weight=41 20 20 24 38 25 20 38 25 20 21 22 22 22 26 120 31 20 28 32 44 21 72 56 40 22 31 25 23 31 20
leaf_count=41 20 20 24 38 25 20 38 25 20 21 22 22 22 26 120 31 20 28 32 44 21 72 56 40 22 31 25 23 31 20
internal_value=0 0.0280705 0.0344376 0.0231473 0.0843709 -0.0337588 -0.0208421 0.0159127 -0.000521015 -0.0296643 -0.063961 -0.091473 0.0585353 0.079645 0.0359881 0.00762781 -0.0263948 -0.0115275 0.020352 0.00701877 -0.00291719 0.00697459 -0.013153 -0.0483268 -0.0781522 -0.0352782 -0.0538887 0.0392822 -0.0402177 -0.0589811
internal_weight=0 546 526 429 97 454 318 391 215 280 136 63 72 50 176 56 96 142 119 87 121 100 76 138 42 96 65 43 73 42
internal_count=1000 546 526 429 97 454 318 391 215 280 136 63 72 50 176 56 96 142 119 87 121 100 76 138 42 96 65 43 73 42
is_linear=0
shrinkage=0.05


Tree=59
num_leaves=31
num_cat=0
split_feature=0 1 0 1 0 1 3 1 1 3 3 1 2 2 2 1 2 2 1 1 1 1 3 2 0 4 3 1 2 2
split_gain=343.529 128.463 115.678 66.7864 65.4136 66.8702 53.5187 61.0737 48.231 42.9784 60.0337 40.1713 80.0731 41.0941 36.7654 31.2633 29.8629 40.1301 48.3056 36.8841 36.3961 62.7157 30.3422 23.4221 29.3896 22.0152 31.4929 21.4086 32.4108 20.1381
threshold=6.5000000000000009 47.500000000000007 3.5000000000000004 45.500000000000007 8.5000000000000018 29.500000000000004 4.5000000000000009 9.5000000000000018 3.5000000000000004 9.5000000000000018 7.5000000000000009 16.500000000000004 1.5000000000000002 3.5000000000000004 1.0000000180025095e-35 31.500000000000004 2.5000000000000004 4.5000000000000009 32.500000000000007 17.500000000000004 26.500000000000004 14.500000000000002 10.500000000000002 4.5000000000000009 1.5000000000000002 1.0000000180025095e-35 6.5000000000000009 19.500000000000004 3.5000000000000004 4.5000000000000009
decision_type=2 2 2 2 2 2 2 2 2 2 2 2 2 2 2 2 2 2 2 2 2 2 2 2 2 2 2 2 2 2
left_child=1 2 6 4 11 27 7 -1 -4 10 14 12 -2 -14 -10 -11 19 18 -18 -8 21 -19 -21 24 -9 -13 -27 28 -6 -16
right_child=3 -3 8 -5 5 -7 16 23 9 15 -12 25 13 -15 29 -17 17 20 -20 22 -22 -23 -24 -25 -26 26 -28 -29 -30 -31
leaf_value=-0.15144474357366564 -0.09243453517556191 0.091036082386970529 -0.070706274732947355 0.12873486138525464 0.021474732955296838 0.12926562065258623 -0.11265080217272044 -0.081014102200667071 -0.059599932689558377 -0.057468472958304165 0.065628966962297752 0.018377750900048669 0.074661484902555295 -0.020923717319965365 -0.0043252077296768365 0.0090365067496895792 0.035158946598861734 -0.012226339903744785 -0.04858285291836812 -0.016751837233702341 0.00085021663043234087 -0.13030983232285664 -0.089416373819112785 -0.10180347146466376 -0.0082961852351824458 0.097190650845212612 0.023459526182462775 0.00098325040360743346 0.10653086290473031 0.033692160937088454
leaf_weight=21 21 25 24 21 24 32 21 24 22 43 45 78 22 23 95 30 51 22 26 51 27 23 20 20 33 28 30 22 21 55
leaf_count=21 21 25 24 21 24 32 21 24 22 43 45 78 22 23 95 30 51 22 26 51 27 23 20 20 33 28 30 22 21 55
internal_value=0 -0.020196 -0.0244545 0.0425245 0.0365098 0.0698048 -0.0447081 -0.0758625 -0.00258828 0.00304907 0.0142133 0.0201919 -0.0118154 0.0258068 0.000761486 -0.0301377 -0.0320396 -0.0182094 0.00688249 -0.0544385 -0.0450437 -0.0725801 -0.0372207 -0.0552491 -0.0389143 0.0357249 0.0590539 0.0414056 0.0611676 0.00961449
internal_weight=0 678 653 322 301 99 339 98 314 290 217 202 66 45 172 73 241 149 77 92 72 45 71 77 57 136 58 67 45 150
internal_count=1000 678 653 322 301 99 339 98 314 290 217 202 66 45 172 73 241 149 77 92 72 45 71 77 57 136 58 67 45 150
is_linear=0
shrinkage=0.05


Tree=60
num_leaves=31
num_cat=0
split_feature=0 1 0 1 4 1 4 2 1 2 0 2 3 2 0 3 1 3 2 1 0 2 1 1 1 2 1 3 3 2
split_gain=311.756 200.669 96.6723 75.903 62.9002 62.1708 44.9878 42.7158 36.4102 35.4507 27.1098 32.5472 26.3137 40.4033 26.0704 23.474 22.6522 21.6853 21.2319 38.827 20.3245 19.7114 32.7282 18.6498 29.6348 21.4832 16.9322 24.2068 24.8074 15.4818
threshold=4.5000000000000009 2.5000000000000004 8.5000000000000018 45.500000000000007 1.0000000180025095e-35 35.500000000000007 1.0000000180025095e-35 3.5000000000000004 12.500000000000002 1.0000000180025095e-35 1.5000000000000002 4.5000000000000009 8.5000000000000018 3.5000000000000004 2.5000000000000004 2.5000000000000004 22.500000000000004 5.5000000000000009 4.5000000000000009 28.500000000000004 5.5000000000000009 2.5000000000000004 28.500000000000004 19.500000000000004 28.500000000000004 2.5000000000000004 35.500000000000007 8.5000000000000018 6.5000000000000009 2.5000000000000004
decision_type=2 2 2 2 2 2 2 2 2 2 2 2 2 2 2 2 2 2 2 2 2 2 2 2 2 2 2 2 2 2
left_child=4 -2 3 6 8 12 7 21 -1 -6 11 -10 13 -4 -11 -9 17 -8 19 -18 -17 22 -3 -12 -25 -26 27 28 -16 -21
right_child=1 2 5 -5 9 -7 16 15 10 14 23 -13 -14 -15 26 20 18 -19 -20 29 -22 -23 -24 24 25 -27 -28 -29 -30 -31
leaf_value=-0.089068364190018706 -0.12999307796359064 0.037970968655332234 0.026127751854558786 0.088638404345041832 -0.059281329964013668 0.1443782924413681 0.042187971391371995 -0.073736581227276485 -0.036210196036281006 -0.023099828547527713 0.015650528669357299 -0.1136920916321485 0.0072900570251724934 0.11609220435986152 -0.008252123394800772 -0.056122709810733799 0.093497789757592348 -0.009109245271215009 0.091987935781640856 -0.012102026119828226 0.002596178171890123 0.052844700042624031 -0.023367068747227843 -0.082374613642692565 -0.049164627317120048 0.0042994687422400436 0.047456236557897047 -0.041431186607350477 0.062131594689119433 0.04469028186230433
leaf_weight=46 20 43 24 38 34 25 38 20 33 93 22 23 22 26 31 20 21 45 23 28 56 32 44 25 34 42 27 23 21 21
leaf_count=46 20 43 24 38 34 25 38 20 33 93 22 23 22 26 31 20 21 45 23 28 56 32 44 25 34 42 27 23 21 21
internal_value=0 0.0254571 0.0313677 0.0211751 -0.0306158 0.0764464 0.0146186 -0.000726367 -0.0493914 -0.0121681 -0.0391951 -0.0680331 0.052859 0.0729093 -0.00395351 -0.0255396 0.0333639 0.0143762 0.0503098 0.0366156 -0.0128562 0.019291 0.00694943 -0.0260656 -0.0351523 -0.0196187 0.0135034 0.0012804 0.0201721 0.0122375
internal_weight=0 546 526 429 454 97 391 215 225 229 179 56 72 50 195 96 176 83 93 70 76 119 87 123 101 76 102 75 52 49
internal_count=1000 546 526 429 454 97 391 215 225 229 179 56 72 50 195 96 176 83 93 70 76 119 87 123 101 76 102 75 52 49
is_linear=0
shrinkage=0.05


Tree=61
num_leaves=31
num_cat=0
split_feature=0 1 0 1 0 3 3 1 3 1 4 1 0 1 3 3 2 3 1 2 1 1 1 3 4 2 0 1 2 1
split_gain=283.663 111.418 95.556 57.4267 59.9661 48.3125 52.2648 85.9014 47.9061 53.2577 42.0188 40.2704 58.8838 30.4489 43.0246 72.5051 26.3279 34.9054 73.0807 34.1172 44.8055 32.6989 56.4043 25.3954 22.6761 21.6168 26.2602 20.2606 15.1523 24.0199
threshold=6.5000000000000009 47.500000000000007 3.5000000000000004 27.500000000000004 8.5000000000000018 9.5000000000000018 2.5000000000000004 8.5000000000000018 4.5000000000000009 9.5000000000000018 1.0000000180025095e-35 16.500000000000004 7.5000000000000009 34.500000000000007 4.5000000000000009 2.5000000000000004 2.5000000000000004 8.5000000000000018 28.500000000000004 4.5000000000000009 32.500000000000007 26.500000000000004 14.500000000000002 6.5000000000000009 1.0000000180025095e-35 4.5000000000000009 1.5000000000000002 9.5000000000000018 5.5000000000000009 34.500000000000007
decision_type=2 2 2 2 2 2 2 2 2 2 2 2 2 2 2 2 2 2 2 2 2 2 2 2 2 2 2 2 2 2
left_child=1 2 8 5 24 6 -2 -8 9 -1 13 -9 -13 14 15 -4 17 18 -10 20 -18 22 -21 -15 -5 26 -11 -16 29 -12
right_child=3 -3 10 4 -6 -7 7 11 16 25 28 12 -14 23 27 -17 19 -19 -20 21 -22 -23 -24 -25 -26 -27 -28 -29 -30 -31
leaf_value=-0.14078190518277031 -0.024249708445859143 0.085238510489463806 -0.066980776082103455 0.023056086286669598 0.11375600052881055 -0.035377300756447246 0.12210258240329808 -0.015594810443489175 -0.08609912937337702 -0.075055021947870657 -0.0018335381503960099 -0.0055466885305941113 0.11433011548859734 -0.023642542148413867 -0.10248860955415738 0.048776723372359436 0.034614271524490092 -0.08124653557936351 0.038851616710424426 -0.0093606786633079701 -0.046036641013163793 0.0030037784741984474 -0.12134493647710137 0.049881043191999201 0.069376323314176674 -0.095676577966660264 -0.006317492777651007 -0.041839954499155285 0.055966984613665519 0.048601136645001757
leaf_weight=21 32 25 24 64 40 33 29 38 22 24 99 20 21 23 21 31 51 45 25 22 26 27 23 24 45 20 33 40 21 31
leaf_count=21 32 25 24 64 40 33 29 38 22 24 99 20 21 23 21 31 51 45 25 22 26 27 23 24 45 20 33 40 21 31
internal_value=0 -0.0183521 -0.022318 0.0386419 0.0613944 0.0190458 0.0318741 0.0485034 -0.040726 -0.0702015 -0.00244437 0.021486 0.0558536 -0.0200488 -0.0338045 -0.00173564 -0.0287401 -0.0497716 -0.019636 -0.0157543 0.0073815 -0.0404968 -0.0665971 0.0139014 0.0421791 -0.0509523 -0.0352596 -0.062719 0.0165591 0.0101932
internal_weight=0 678 653 322 149 173 140 108 339 98 314 79 41 163 116 55 241 92 47 149 77 72 45 47 109 77 57 61 151 130
internal_count=1000 678 653 322 149 173 140 108 339 98 314 79 41 163 116 55 241 92 47 149 77 72 45 47 109 77 57 61 151 130
is_linear=0
shrinkage=0.05


Tree=62
num_leaves=31
num_cat=0
split_feature=0 1 0 1 4 1 4 3 4 2 0 3 1 2 1 1 1 2 1 3 2 2 2 1 3 1 2 1 2 3
split_gain=256.006 100.555 86.2393 58.1862 64.2034 43.8082 37.922 37.3919 36.8541 30.9411 31.1431 30.1944 28.2432 26.5233 60.9145 59.0778 25.7887 25.4221 30.0328 25.2151 25.7423 44.9396 24.5672 24.0304 17.6781 21.9516 13.675 21.678 27.1761 43.3428
threshold=6.5000000000000009 47.500000000000007 3.5000000000000004 5.5000000000000009 1.0000000180025095e-35 10.500000000000002 1.0000000180025095e-35 4.5000000000000009 1.0000000180025095e-35 4.5000000000000009 8.5000000000000018 9.5000000000000018 14.500000000000002 2.5000000000000004 19.500000000000004 24.500000000000004 16.500000000000004 4.5000000000000009 26.500000000000004 10.500000000000002 1.5000000000000002 3.5000000000000004 3.5000000000000004 19.500000000000004 6.5000000000000009 30.500000000000004 5.5000000000000009 34.500000000000007 1.5000000000000002 4.5000000000000009
decision_type=2 2 2 2 2 2 2 2 2 2 2 2 2 2 2 2 2 2 2 2 2 2 2 2 2 2 2 2 2 2
left_child=1 2 5 -2 9 7 11 -1 17 10 16 12 -4 15 -15 -10 -5 22 -19 20 -6 -22 -7 -23 25 -14 27 28 -8 -30
right_child=3 -3 6 4 19 8 26 -9 13 -11 -12 -13 24 14 -16 -17 -18 18 -20 -21 21 23 -24 -25 -26 -27 -28 -29 29 -31
leaf_value=-0.12764487603436345 -0.038185522705316548 0.080976585865020767 -0.040591859551412722 -0.028702117289815633 0.043637162303695312 -0.046232759552757914 0.033682513694678035 -0.046029983067678082 -0.10671643555164337 -0.014719756277786059 0.079382983017070544 -0.058076738281861731 0.029722006046878441 0.080022741676796058 -0.019362104680903002 0.0010080425068736078 0.035152865830082196 -0.11905593962773034 -0.036353087425231932 0.01953747787553331 0.13770741068504075 0.098247530785473922 0.015572610795497894 0.025153625659320666 0.050680313184857377 -0.02967437703694616 0.053168629925875434 0.0461710803330906 -0.082145499698817737 0.0066267726604234099
leaf_weight=23 24 25 42 21 39 82 35 36 20 44 29 38 28 21 58 35 64 23 21 23 33 22 20 23 20 35 21 31 20 44
leaf_count=23 24 25 42 21 39 82 35 36 20 44 29 38 28 21 58 35 64 23 21 23 33 22 20 23 20 35 21 31 20 44
internal_value=0 -0.0174345 -0.0212021 0.0367098 0.0427416 -0.0386897 -0.00232215 -0.077846 -0.030439 0.0208954 0.0346416 -0.0190463 -0.00718111 -0.0115043 0.00705665 -0.0381645 0.0193769 -0.0478174 -0.0795841 0.0673967 0.0768049 0.0933888 -0.0341141 0.0608884 0.00972553 -0.00327598 0.0157311 0.00968353 -0.00174186 -0.0211146
internal_weight=0 678 653 322 298 339 314 59 280 158 114 163 125 134 79 55 85 146 44 140 117 78 102 45 83 63 151 130 99 64
internal_count=1000 678 653 322 298 339 314 59 280 158 114 163 125 134 79 55 85 146 44 140 117 78 102 45 83 63 151 130 99 64
is_linear=0
shrinkage=0.05


Tree=63
num_leaves=31
num_cat=0
split_feature=0 1 0 1 1 4 4 2 2 1 2 3 2 0 2 2 1 1 3 2 1 1 1 2 3 0 2 3 3 3
split_gain=232.196 173.582 73.7226 63.7425 50.5194 49.4651 32.1637 36.7952 30.2146 28.1981 23.1698 21.5463 36.5176 21.362 27.0496 20.7204 24.3924 18.5525 43.789 18.0857 31.2127 17.7826 26.1918 20.6196 14.5091 17.8078 23.1963 14.333 13.3999 13.2171
threshold=4.5000000000000009 2.5000000000000004 8.5000000000000018 45.500000000000007 35.500000000000007 1.0000000180025095e-35 1.0000000180025095e-35 3.5000000000000004 5.5000000000000009 12.500000000000002 4.5000000000000009 8.5000000000000018 3.5000000000000004 1.5000000000000002 4.5000000000000009 1.0000000180025095e-35 44.500000000000007 16.500000000000004 5.5000000000000009 2.5000000000000004 28.500000000000004 19.500000000000004 28.500000000000004 2.5000000000000004 10.500000000000002 2.5000000000000004 3.5000000000000004 5.5000000000000009 6.5000000000000009 6.5000000000000009
decision_type=2 2 2 2 2 2 2 2 2 2 2 2 2 2 2 2 2 2 2 2 2 2 2 2 2 2 2 2 2 2
left_child=5 -2 3 6 11 9 7 19 15 -1 -9 12 -4 14 -11 -7 24 18 -8 20 27 -15 -23 -24 25 26 -17 -3 -25 -27
right_child=1 2 4 -5 -6 8 17 10 -10 13 -12 -13 -14 21 -16 16 -18 -19 -20 -21 -22 22 23 28 -26 29 -28 -29 -30 -31
leaf_value=-0.077989063517231005 -0.1226085552573204 0.0056779567245393995 0.019238699662188691 0.080389626882970341 0.12806953731179238 -0.052656672741560377 0.053878763616085061 -0.053793531933211181 0.036713656087716422 -0.030687001934557253 -0.0035638239427373329 0.0043356597423553469 0.10476777496246191 0.018290468305349351 -0.10132263837301213 0.0183749802195682 -0.057558373491401263 0.039497499658415716 -0.03506090587846214 0.050301655201474206 -0.023266518420793796 -0.075711643218994151 -0.045659734221065749 -0.022901730947196483 -0.034302695321717432 0.00062877013968924689 -0.047793181847642974 0.063553388351979476 0.033646554025736727 0.04718331323275643
leaf_weight=46 20 20 24 38 25 34 25 38 30 33 58 22 26 22 23 26 23 120 31 32 44 25 34 20 28 30 27 23 22 31
leaf_count=46 20 20 24 38 25 34 25 38 30 33 58 22 26 22 23 26 23 120 31 32 44 25 34 20 28 30 27 23 22 31
internal_value=0 0.0219699 0.0274672 0.0185663 0.0668331 -0.026422 0.0125579 -0.000416943 -0.0100627 -0.0430721 -0.0234464 0.0455705 0.0637138 -0.0340991 -0.0596981 -0.0171144 -0.00979054 0.0284078 0.0046443 0.0181615 0.00633977 -0.0224442 -0.0313172 -0.0167137 -0.00205349 0.00586736 -0.0153333 0.0366346 0.0067188 0.0242876
internal_weight=0 546 526 429 97 454 391 215 229 225 96 72 50 179 56 199 165 176 56 119 87 123 101 76 142 114 53 43 42 61
internal_count=1000 546 526 429 97 454 391 215 229 225 96 72 50 179 56 199 165 176 56 119 87 123 101 76 142 114 53 43 42 61
is_linear=0
shrinkage=0.05


Tree=64
num_leaves=31
num_cat=0
split_feature=0 1 0 1 1 4 4 3 3 3 1 3 3 3 1 2 2 1 3 1 0 3 3 3 3 1 0 3 0 2
split_gain=211.264 89.2078 72.8992 51.533 49.1152 43.5557 43.4919 34.1609 61.2711 49.824 32.1936 31.8965 31.0147 26.9618 20.8108 29.4004 28.2082 20.651 31.8519 30.4599 20.5736 39.3749 33.4859 20.7562 55.4322 17.9875 17.7852 46.2148 17.5707 16.1936
threshold=6.5000000000000009 47.500000000000007 1.5000000000000002 45.500000000000007 2.5000000000000004 1.0000000180025095e-35 1.0000000180025095e-35 4.5000000000000009 8.5000000000000018 10.500000000000002 22.500000000000004 3.5000000000000004 1.5000000000000002 10.500000000000002 16.500000000000004 1.5000000000000002 4.5000000000000009 9.5000000000000018 8.5000000000000018 19.500000000000004 3.5000000000000004 9.5000000000000018 2.5000000000000004 4.5000000000000009 6.5000000000000009 28.500000000000004 8.5000000000000018 6.5000000000000009 8.5000000000000018 1.5000000000000002
decision_type=2 2 2 2 2 2 2 2 2 2 2 2 2 2 2 2 2 2 2 2 2 2 2 2 2 2 2 2 2 2
left_child=1 2 7 6 -4 20 14 -1 -9 -10 11 -8 -7 17 15 -2 -16 -14 19 -19 25 22 -22 -24 -25 -6 27 -12 -13 -21
right_child=3 -3 4 -5 5 12 10 8 9 -11 26 28 13 -15 16 -17 -18 18 -20 29 21 -23 23 24 -26 -27 -28 -29 -30 -31
leaf_value=-0.091666009831122872 -0.060103491016409619 0.076854372859001166 -0.080751750400910774 0.10907629004546576 -0.060826097100973135 -0.044933321217074995 -0.027806620938437328 0.0071416732939806856 -0.13245496961864686 -0.032038662862032656 0.10798845603352501 0.016632437075559909 0.065782548489126694 -0.021506087893490181 0.039244887947633464 0.017136364483407565 -0.016940023947972806 -0.04734922612652831 0.062770101530798553 0.050409154307383755 -0.040951804083681875 -0.054851511914871247 0.050060336620492099 -0.060691365565765987 0.043084611815790978 -0.018198625180794268 0.10435801192831536 0.0082613456421173539 0.075339888632297514 0.0041986027679273069
leaf_weight=39 22 25 24 21 50 25 21 44 21 30 21 26 24 43 74 28 32 23 29 26 31 38 34 22 31 49 26 26 25 70
leaf_count=39 22 25 24 21 50 25 21 44 21 30 21 26 24 43 74 28 32 23 29 26 31 38 34 22 31 49 26 26 25 70
internal_value=0 -0.0158378 -0.0193865 0.033348 -0.0108978 -0.00751093 0.0280646 -0.0522646 -0.0360893 -0.0733866 0.0477784 0.0240556 0.0077772 0.0139063 0.00974091 -0.0168492 0.0222834 0.0227594 0.0157827 0.004332 -0.0218998 -0.0105859 0.00366914 0.0195686 7.79102e-06 -0.0397277 0.0711762 0.0528203 0.0454106 0.016714
internal_weight=0 678 653 322 519 495 301 134 95 51 145 72 240 215 156 50 106 172 148 119 255 156 118 87 53 99 73 47 51 96
internal_count=1000 678 653 322 519 495 301 134 95 51 145 72 240 215 156 50 106 172 148 119 255 156 118 87 53 99 73 47 51 96
is_linear=0
shrinkage=0.05


Tree=65
num_leaves=31
num_cat=0
split_feature=0 1 1 1 0 4 1 4 3 3 3 0 3 3 4 2 3 3 3 3 0 3 1 3 3 1 0 3 3 2
split_gain=192.871 71.5998 61.1476 55.3012 60.8636 55.2885 39.5956 30.2998 28.5851 55.2971 44.9662 27.8886 33.5136 42.1466 23.2391 22.96 22.5202 43.7781 18.6777 22.8641 24.2256 23.1638 18.1835 18.3657 45.6834 30.0952 16.7309 34.9318 44.8231 29.2865
threshold=5.5000000000000009 43.500000000000007 47.500000000000007 2.5000000000000004 1.5000000000000002 1.0000000180025095e-35 10.500000000000002 1.0000000180025095e-35 4.5000000000000009 8.5000000000000018 10.500000000000002 8.5000000000000018 8.5000000000000018 6.5000000000000009 1.0000000180025095e-35 1.5000000000000002 10.500000000000002 7.5000000000000009 2.5000000000000004 9.5000000000000018 8.5000000000000018 6.5000000000000009 11.500000000000002 2.5000000000000004 4.5000000000000009 29.500000000000004 3.5000000000000004 9.5000000000000018 6.5000000000000009 4.5000000000000009
decision_type=2 2 2 2 2 2 2 2 2 2 2 2 2 2 2 2 2 2 2 2 2 2 2 2 2 2 2 2 2 2
left_child=2 5 3 -1 8 6 -2 26 -5 -10 -11 12 13 15 -3 -8 17 22 -7 20 21 -20 -9 -24 -25 -26 -6 28 29 -28
right_child=1 14 -4 4 7 18 11 16 9 10 -12 -13 -14 -15 -16 -17 -18 -19 19 -21 -22 -23 23 24 25 -27 27 -29 -30 -31
leaf_value=-0.10184677849922862 -0.042282355170358311 0.053865828691050416 0.064661246538162229 -0.086604128633108401 -0.037741269946399369 0.0039044008110508776 -0.035760433304434021 0.036851900416825505 0.0067845898828553883 -0.12583222362611976 -0.030436729464369518 0.054753797377149263 0.043426362512742775 -0.076879391499928063 0.12257132843136787 0.024567754022048222 -0.032634104607517228 0.050560574606060983 0.06843753514381555 0.011594166888578519 0.092855527455156503 0.013210875903432435 0.023014575118819873 -0.08173814940452577 -0.038449359617450024 0.04425377158278769 -0.044839397817850117 -0.059771002113819131 0.070411176979541787 0.031838395595550538
leaf_weight=21 44 32 21 36 99 33 24 21 44 21 30 30 34 21 20 46 34 51 39 37 33 37 24 25 22 22 33 25 21 20
leaf_count=21 44 32 21 36 99 33 24 21 44 21 30 30 34 21 20 46 34 51 39 37 33 37 24 25 22 22 33 25 21 20
internal_value=0 0.0252817 -0.0190722 -0.0222751 -0.0191103 0.0177143 -0.00042168 -0.0093588 -0.0486626 -0.0342848 -0.0697172 0.0114614 0.00107116 -0.0147539 0.080291 0.0038838 0.00441966 0.012055 0.0378767 0.0455554 0.0570835 0.0415509 -0.0051712 -0.0146603 -0.0277646 0.00290221 -0.0232069 -0.00867245 0.00859057 -0.0159044
internal_weight=0 430 570 549 528 378 199 397 131 95 51 155 125 91 52 70 199 165 179 146 109 76 114 93 69 44 198 99 74 53
internal_count=1000 430 570 549 528 378 199 397 131 95 51 155 125 91 52 70 199 165 179 146 109 76 114 93 69 44 198 99 74 53
is_linear=0
shrinkage=0.05


Tree=66
num_leaves=31
num_cat=0
split_feature=0 1 0 1 1 4 1 2 2 3 3 3 1 1 1 2 1 2 1 0 3 3 0 2 2 2 1 1 3 3
split_gain=174.658 142.928 55.6046 47.9701 43.7053 37.2985 31.7651 28.3213 59.4079 54.7028 37.636 56.9741 34.0862 113.782 71.1268 37.9549 27.8613 25.0357 23.3695 22.1397 27.1873 20.7248 27.5048 31.1338 20.9805 17.9235 25.0959 15.5374 14.6361 11.8093
threshold=4.5000000000000009 2.5000000000000004 8.5000000000000018 45.500000000000007 29.500000000000004 1.0000000180025095e-35 19.500000000000004 3.5000000000000004 4.5000000000000009 6.5000000000000009 6.5000000000000009 3.5000000000000004 28.500000000000004 24.500000000000004 32.500000000000007 2.5000000000000004 31.500000000000004 1.0000000180025095e-35 12.500000000000002 6.5000000000000009 7.5000000000000009 2.5000000000000004 1.5000000000000002 4.5000000000000009 4.5000000000000009 5.5000000000000009 44.500000000000007 15.500000000000002 4.5000000000000009 10.500000000000002
decision_type=2 2 2 2 2 2 2 2 2 2 2 2 2 2 2 2 2 2 2 2 2 2 2 2 2 2 2 2 2 2
left_child=5 -2 3 7 6 18 -4 12 9 -9 11 -10 13 19 -14 28 -12 -7 -1 20 -3 -20 23 -23 -24 26 29 -21 -16 -19
right_child=1 2 4 -5 -6 17 -8 8 10 -11 16 -13 14 -15 15 -17 -18 25 21 27 -22 22 24 -25 -26 -27 -28 -29 -30 -31
leaf_value=-0.069160959037506714 -0.11213837482035161 -0.041227676802211344 0.059555908516049388 0.069944488080708606 0.10290055975317956 -0.048302274274037167 -0.015243804522536018 -0.098918403318832421 -0.00046007079894051838 -0.002574521040215212 -0.057215807696973736 0.095853227549897779 -0.08388681568205357 0.13760146024481704 0.033604990371635987 0.081219281703233726 0.022358745404265145 0.0067233818154291891 -0.070476349042012151 0.019031055533402674 0.033650937405499542 -0.016504749177973004 -0.020352333867922429 -0.097322835485366258 0.032123329937458041 0.033743737681458393 -0.056722249673760466 0.073730220645666131 -0.019485298149725973 -0.029517201732128989
leaf_weight=46 20 27 40 38 35 34 22 26 34 34 22 28 20 24 21 20 22 114 26 37 22 26 80 22 25 30 23 20 34 28
leaf_count=46 20 27 40 38 35 34 22 26 34 34 22 28 20 24 21 20 22 114 26 37 22 26 80 22 25 30 23 20 34 28
internal_value=0 0.0190544 0.0240427 0.0163126 0.0582308 -0.0229157 0.0330141 0.0111002 -0.00456638 -0.0443235 0.0179377 0.0430363 0.0226587 0.0392951 -0.0001068 0.0222345 -0.0174285 -0.00871001 -0.0373739 0.017037 -0.00760871 -0.0292051 -0.0221917 -0.0535464 -0.00785813 -0.00180675 -0.00827047 0.0382237 0.000785539 -0.000422649
internal_weight=0 546 526 429 97 454 62 391 166 60 106 62 225 130 95 75 44 229 225 106 49 179 153 48 105 195 165 57 55 142
internal_count=1000 546 526 429 97 454 62 391 166 60 106 62 225 130 95 75 44 229 225 106 49 179 153 48 105 195 165 57 55 142
is_linear=0
shrinkage=0.05


Tree=67
num_leaves=31
num_cat=0
split_feature=0 1 0 1 1 4 1 3 3 1 4 1 4 1 3 3 3 0 3 1 3 2 1 2 2 0 0 3 1 1
split_gain=157.981 72.0149 55.1533 40.7941 37.0546 34.6731 29.5062 28.943 27.078 26.8834 34.4008 29.1742 25.7327 26.5755 36.9865 61.2341 22.7755 22.131 36.2252 21.6925 16.5561 19.7154 15.6038 25.7181 25.6454 14.6827 13.8745 40.2651 13.285 13.0078
threshold=6.5000000000000009 47.500000000000007 3.5000000000000004 45.500000000000007 10.500000000000002 1.0000000180025095e-35 22.500000000000004 4.5000000000000009 3.5000000000000004 14.500000000000002 1.0000000180025095e-35 21.500000000000004 1.0000000180025095e-35 34.500000000000007 4.5000000000000009 2.5000000000000004 10.500000000000002 2.5000000000000004 6.5000000000000009 40.500000000000007 7.5000000000000009 3.5000000000000004 16.500000000000004 4.5000000000000009 1.5000000000000002 8.5000000000000018 8.5000000000000018 6.5000000000000009 9.5000000000000018 25.500000000000004
decision_type=2 2 2 2 2 2 2 2 2 2 2 2 2 2 2 2 2 2 2 2 2 2 2 2 2 2 2 2 2 2
left_child=1 2 4 5 7 22 8 -1 -7 -6 11 -11 13 14 15 -4 20 18 -13 -15 21 -12 24 29 -2 -10 27 -8 -16 -24
right_child=3 -3 12 -5 9 6 26 -9 25 10 16 17 -14 19 28 -17 -18 -19 -20 -21 -22 -23 23 -25 -26 -27 -28 -29 -30 -31
leaf_value=-0.11069399668612397 -0.055646244097839706 0.069586577296257029 -0.058639640361070638 0.09621504942576091 0.020627807197912088 -0.028756809234619141 0.099420796263785596 -0.038889392191130259 0.012396784728536239 -0.093901317792299849 0.013407707400619985 -0.088952151934305834 0.013085749929783164 0.049408262409269814 -0.0874259793332645 0.047740723961783998 -0.049700783275895652 -0.0023004201906067982 -0.016426445233325163 -0.018544011336305868 0.036321016630301108 -0.041653372071169578 0.069278203994035725 -0.018815483991056682 0.016492702865174839 0.066063036143779758 0.093446444204220408 0.0063342791910354912 -0.038315218891948465 0.022074521750349692
leaf_weight=23 22 25 24 21 31 21 21 36 26 26 37 33 151 24 21 31 27 35 36 23 26 29 20 32 28 25 26 26 40 54
leaf_count=23 22 25 24 21 31 21 21 36 26 26 37 33 151 24 21 31 27 35 36 23 26 29 20 32 28 25 26 26 40 54
internal_value=0 -0.0136958 -0.0168842 0.0288376 -0.0308693 0.0241369 0.0417389 -0.066881 0.0190278 -0.0232811 -0.0287476 -0.0465286 -0.0017857 -0.0155623 -0.0284133 0.0013202 -0.009323 -0.0346855 -0.0511127 0.016155 0.002527 -0.0107858 0.0077761 0.0186367 -0.0152484 0.0387038 0.0641388 0.0479261 -0.0552222 0.0348323
internal_weight=0 678 653 322 339 301 145 59 72 280 249 130 314 163 116 55 119 104 69 47 92 66 156 106 50 51 73 47 61 74
internal_count=1000 678 653 322 339 301 145 59 72 280 249 130 314 163 116 55 119 104 69 47 92 66 156 106 50 51 73 47 61 74
is_linear=0
shrinkage=0.05


Tree=68
num_leaves=31
num_cat=0
split_feature=0 1 1 0 4 1 1 1 3 3 1 1 3 1 1 0 1 4 1 0 3 3 2 3 4 3 3 0 3 2
split_gain=143.612 56.0189 49.6035 46.9235 44.5319 32.2845 31.1084 25.7249 33.8728 24.7666 23.6857 25.91 23.9335 81.8703 38.2023 30.5648 26.1398 36.3957 23.9836 22.9832 30.323 37.5994 21.5801 20.4148 20.328 16.5973 19.0767 19.3299 19.202 14.9887
threshold=5.5000000000000009 43.500000000000007 2.5000000000000004 1.5000000000000002 1.0000000180025095e-35 45.500000000000007 10.500000000000002 21.500000000000004 8.5000000000000018 5.5000000000000009 6.5000000000000009 8.5000000000000018 6.5000000000000009 38.500000000000007 16.500000000000004 2.5000000000000004 37.500000000000007 1.0000000180025095e-35 23.500000000000004 8.5000000000000018 8.5000000000000018 6.5000000000000009 1.5000000000000002 10.500000000000002 1.0000000180025095e-35 2.5000000000000004 9.5000000000000018 8.5000000000000018 6.5000000000000009 4.5000000000000009
decision_type=2 2 2 2 2 2 2 2 2 2 2 2 2 2 2 2 2 2 2 2 2 2 2 2 2 2 2 2 2 2
left_child=2 4 -1 7 6 10 -2 8 -4 -7 -5 -12 13 14 -13 -16 17 18 -14 20 21 22 -8 -19 -3 -6 27 28 -27 -17
right_child=1 24 3 5 25 9 19 -9 -10 -11 11 12 16 -15 15 29 -18 23 -20 -21 -22 -23 -24 -25 -26 26 -28 -29 -30 -31
leaf_value=-0.091873747562723498 -0.038258497857234702 0.045758148282766344 -0.035095220230715839 0.030540209500627087 0.0011926198095986338 -0.0030023927055299283 -0.035937689741452533 -0.019489078848839624 -0.11305452141572128 0.074742300311724338 -0.067622772692924452 -0.05558685217710102 -0.00071213978032271072 -0.1136510861952874 -0.046581093899228355 0.0032011131644248967 0.040095118171459922 0.036326199786530601 -0.067288746204107047 0.048679361324757336 0.040234733701628805 -0.0737852366197677 0.022549611334081579 -0.019325592967036828 0.11001637384295465 0.061590669246820308 0.009434377905484792 0.082939320260828189 0.011308108521877108 0.04790563859045506
leaf_weight=21 44 32 38 33 33 20 24 73 22 21 21 34 24 22 22 50 37 45 31 30 34 21 46 26 20 39 37 33 37 30
leaf_count=21 44 32 38 33 33 20 24 73 22 21 21 34 24 22 22 50 37 45 31 30 34 21 46 26 20 39 37 33 37 30
internal_value=0 0.0218156 -0.0164574 -0.0135726 0.0151221 -0.00530735 -0.00115439 -0.039425 -0.0636803 0.0368181 -0.00991306 -0.0138164 -0.0102964 -0.0241635 -0.00968759 0.00561216 0.00314534 -0.00770499 -0.0382371 0.00937838 -5.38516e-05 -0.0151067 0.00249682 0.0159467 0.0704729 0.0332171 0.0404555 0.0509856 0.037111 0.0199653
internal_weight=0 430 570 549 378 416 199 133 60 41 375 342 321 158 136 102 163 126 55 155 125 91 70 71 52 179 146 109 76 80
internal_count=1000 430 570 549 378 416 199 133 60 41 375 342 321 158 136 102 163 126 55 155 125 91 70 71 52 179 146 109 76 80
is_linear=0
shrinkage=0.05


Tree=69
num_leaves=31
num_cat=0
split_feature=0 1 0 1 3 3 1 1 0 2 2 1 4 3 3 3 3 3 2 1 3 1 3 1 1 3 1 1 3 0
split_gain=130.302 60.6535 45.9633 36.1196 41.3141 37.6489 96.1512 35.8468 43.2531 35.719 41.8304 31.7354 27.0732 26.7634 26.5206 46.5917 42.1258 19.9702 19.7452 29.9184 49.6682 31.152 27.935 38.4047 19.1675 24.9151 25.3926 18.9293 16.5839 15.535
threshold=6.5000000000000009 47.500000000000007 1.5000000000000002 27.500000000000004 9.5000000000000018 2.5000000000000004 8.5000000000000018 16.500000000000004 7.5000000000000009 1.5000000000000002 4.5000000000000009 2.5000000000000004 1.0000000180025095e-35 1.5000000000000002 4.5000000000000009 8.5000000000000018 10.500000000000002 10.500000000000002 5.5000000000000009 25.500000000000004 3.5000000000000004 17.500000000000004 6.5000000000000009 36.500000000000007 9.5000000000000018 8.5000000000000018 19.500000000000004 12.500000000000002 4.5000000000000009 4.5000000000000009
decision_type=2 2 2 2 2 2 2 2 2 2 2 2 2 2 2 2 2 2 2 2 2 2 2 2 2 2 2 2 2 2
left_child=1 2 14 4 5 -2 -7 -8 -9 -5 28 -4 18 -14 -1 -16 -17 24 19 21 -21 27 -22 -24 -15 26 -26 29 -11 -13
right_child=3 -3 11 9 -6 6 7 8 -10 10 -12 12 13 17 15 16 -18 -19 -20 20 22 -23 23 -25 25 -27 -28 -29 -30 -31
leaf_value=-0.076187715039421358 -0.025122665846720339 0.063992786288261425 -0.064774692927797639 0.0092616390817019407 -0.039678574059948783 0.11449175107068028 -0.026943498379305791 -0.012157091833651067 0.090584386104629155 0.05631631612971736 0.022578171239711526 -0.060178288382788506 -0.042813131541013717 0.060913453251123434 0.010479392564792018 -0.11405662947467395 -0.021723222856720292 -0.018631715418467688 -0.053974633407779041 0.059644144509107835 -0.055190437633012027 -0.072524338460061705 -0.04685988859696822 0.036561263292222416 -0.044571195704781491 0.054300165870066343 0.013920907098023842 0.021921388268470766 0.11027977198362351 -0.003288398558894793
leaf_weight=39 32 25 24 49 33 29 38 20 21 24 41 24 25 24 44 21 30 43 32 31 28 32 22 37 23 29 96 25 35 24
leaf_count=39 32 25 24 49 33 29 38 20 21 24 41 24 25 24 44 21 30 43 32 31 28 32 22 37 23 29 96 25 35 24
internal_value=0 -0.0124382 -0.0153644 0.0261898 0.0106487 0.0225115 0.0366254 0.00804149 0.0404666 0.0442343 0.0613709 -0.00862396 -0.0059015 0.00615169 -0.041471 -0.0272189 -0.0597429 0.0118453 -0.0172457 -0.0119752 0.00530072 -0.0313899 -0.014063 0.00545507 0.0194645 0.0127431 0.00261571 -0.0133584 0.0883285 -0.0317333
internal_weight=0 678 653 322 173 140 108 79 41 149 100 519 495 240 134 95 51 215 255 223 118 105 87 59 172 148 119 73 59 48
internal_count=1000 678 653 322 173 140 108 79 41 149 100 519 495 240 134 95 51 215 255 223 118 105 87 59 172 148 119 73 59 48
is_linear=0
shrinkage=0.05


Tree=70
num_leaves=31
num_cat=0
split_feature=0 1 3 1 1 1 3 3 2 0 1 1 4 2 2 2 1 1 1 1 3 2 2 4 1 1 3 3 0 1
split_gain=119.571 118.119 42.5729 79.7934 75.3847 52.6281 55.076 49.2054 88.9507 47.3291 43.073 43.0133 32.3951 32.3772 30.8713 42.4074 55.7101 62.3421 27.8437 47.391 28.7703 59.3582 26.8781 36.6019 24.857 23.0635 20.9077 28.1471 19.7007 20.8825
threshold=4.5000000000000009 2.5000000000000004 9.5000000000000018 11.500000000000002 6.5000000000000009 22.500000000000004 2.5000000000000004 5.5000000000000009 1.5000000000000002 8.5000000000000018 20.500000000000004 29.500000000000004 1.0000000180025095e-35 2.5000000000000004 3.5000000000000004 2.5000000000000004 39.500000000000007 28.500000000000004 31.500000000000004 33.500000000000007 4.5000000000000009 3.5000000000000004 1.0000000180025095e-35 1.0000000180025095e-35 44.500000000000007 33.500000000000007 8.5000000000000018 6.5000000000000009 1.5000000000000002 19.500000000000004
decision_type=2 2 2 2 2 2 2 2 2 2 2 2 2 2 2 2 2 2 2 2 2 2 2 2 2 2 2 2 2 2
left_child=18 -2 4 -4 -3 6 -6 12 -9 14 -5 -12 -8 -13 15 16 17 -7 22 -20 -21 24 -1 28 -22 -19 27 -25 -24 -30
right_child=1 2 3 10 5 9 7 8 -10 -11 11 13 -14 -15 -16 -17 -18 25 19 20 21 -23 23 26 -26 -27 -28 -29 29 -31
leaf_value=-0.067334334437663734 -0.10349879093468189 0.096239402185420736 -0.089304032662640448 0.077604977626885688 -0.061603475818710944 0.064062922727316618 0.01056020354682749 -0.10163432963192463 0.02599950976843058 0.085591183109208949 -0.066383885741233828 -0.02711754720658064 0.095427594495856249 0.0474496388354817 -0.0014952358796692161 0.098813903927803037 0.08442262884761606 -0.075829821974039091 0.069017624855041509 -0.048706704587107755 -0.046980788230019457 0.044947121242682138 -0.071065212818793952 -0.0072731487095976863 0.018788535082712773 -0.00080580981004805792 -0.033630155695554539 0.057782726702482801 -0.0059603539440366959 -0.059291532155006169
leaf_weight=39 20 37 23 21 31 24 22 20 43 40 20 24 23 37 67 25 28 20 20 41 51 45 40 60 20 21 39 23 45 31
leaf_count=39 20 37 23 21 31 24 22 20 43 40 20 24 23 37 67 25 28 20 20 41 51 45 40 60 20 21 39 23 45 31
internal_value=0 0.0157658 0.0203006 -0.0051772 0.0282425 0.0213307 -0.00285796 0.0140042 -0.0145192 0.036274 0.0137926 -0.00275139 0.0539369 0.0181117 0.0256108 0.0410015 0.0254605 6.14108e-05 -0.0189606 -0.00347035 -0.0127045 2.04393e-05 -0.0288587 -0.0225539 -0.0284542 -0.0374029 -0.00343412 0.0107544 -0.0426626 -0.0277139
internal_weight=0 546 526 125 401 364 139 108 63 225 102 81 45 61 185 118 93 65 454 177 157 116 277 238 71 41 122 83 116 76
internal_count=1000 546 526 125 401 364 139 108 63 225 102 81 45 61 185 118 93 65 454 177 157 116 277 238 71 41 122 83 116 76
is_linear=0
shrinkage=0.05


Tree=71
num_leaves=31
num_cat=0
split_feature=1 0 1 0 1 3 1 1 3 1 1 2 1 1 3 0 2 1 1 1 2 1 1 3 2 1 3 4 1 1
split_gain=111.797 103.746 115.168 46.3284 33.337 33.3007 147.65 82.8533 78.1991 40.0426 44.4771 36.4985 28.708 42.5979 44.119 49.4393 41.9277 40.2376 28.3345 33.0666 25.6732 38.7922 41.1155 42.0355 43.5394 28.9963 23.8666 20.6857 20.0589 22.8979
threshold=48.500000000000007 3.5000000000000004 2.5000000000000004 8.5000000000000018 10.500000000000002 9.5000000000000018 11.500000000000002 6.5000000000000009 8.5000000000000018 21.500000000000004 31.500000000000004 2.5000000000000004 24.500000000000004 9.5000000000000018 6.5000000000000009 5.5000000000000009 3.5000000000000004 30.500000000000004 29.500000000000004 19.500000000000004 2.5000000000000004 17.500000000000004 22.500000000000004 7.5000000000000009 4.5000000000000009 40.500000000000007 4.5000000000000009 1.0000000180025095e-35 33.500000000000007 36.500000000000007
decision_type=2 2 2 2 2 2 2 2 2 2 2 2 2 2 2 2 2 2 2 2 2 2 2 2 2 2 2 2 2 2
left_child=1 4 -3 5 26 7 -7 -4 12 -8 -11 -12 13 -9 15 -15 -17 27 19 -5 25 -22 -23 24 -24 -6 -1 -14 -19 -30
right_child=-2 2 3 18 20 6 9 8 -10 10 11 -13 17 14 -16 16 -18 28 -20 -21 21 22 23 -25 -26 -27 -28 -29 29 -31
leaf_value=-0.098519003180705986 0.11414736083575659 -0.09787770534555118 0.085119075886905204 0.052633848451077936 -0.050397416612900363 -0.12908781520698384 0.072778677851671275 0.03918989243415686 0.072335272518599905 -0.069338094443082809 -0.030548806038374704 0.049507143369742802 0.021065315526301184 -0.059103182745831352 -0.087491728544787137 0.067759773523911188 -0.025782330572605136 -0.041626152281577775 0.082351117077119215 -0.023682853985916488 0.037035164711982718 -0.084668457433581368 -0.0012234329673889521 0.025628659410296746 -0.087694284444053971 0.0099428199231624617 -0.033314702473580836 0.086941367015242577 0.050279137181739014 -0.0055697531654284559
leaf_weight=23 21 24 38 40 85 23 21 26 41 20 24 35 26 35 27 23 25 26 34 22 41 20 37 53 24 26 36 22 24 78
leaf_count=23 21 24 38 40 85 23 21 26 41 20 24 35 26 35 27 23 25 26 34 22 41 20 37 53 24 26 36 22 24 78
internal_value=0 -0.00244851 0.00955832 0.0137853 -0.0245133 0.0078303 -0.0148606 0.0149683 0.00741671 0.0114117 -0.00490105 0.016942 -0.00111425 -0.0183679 -0.0319725 -0.013912 0.0190399 0.0122181 0.0456695 0.0255537 -0.0174539 -0.00552308 -0.0185446 -0.00694396 -0.0352448 -0.0362637 -0.0587333 0.0512585 -0.00242204 0.00757116
internal_weight=0 979 634 610 345 514 123 391 353 100 79 59 312 136 110 83 48 176 96 62 286 175 134 114 61 111 59 48 128 102
internal_count=1000 979 634 610 345 514 123 391 353 100 79 59 312 136 110 83 48 176 96 62 286 175 134 114 61 111 59 48 128 102
is_linear=0
shrinkage=0.05


Tree=72
num_leaves=31
num_cat=0
split_feature=1 0 1 3 1 1 1 3 1 0 1 2 1 1 1 3 0 2 1 2 1 1 3 2 1 3 3 0 3 3
split_gain=100.896 93.6305 103.939 42.2832 147.315 96.7144 85.1843 55.141 48.6311 47.7398 45.8001 33.2358 30.0867 25.9089 38.4446 39.8174 44.619 37.8397 36.3145 23.17 35.01 37.1068 37.937 39.2943 26.1692 21.5396 20.1299 19.9504 31.6941 25.2818
threshold=48.500000000000007 3.5000000000000004 2.5000000000000004 9.5000000000000018 9.5000000000000018 6.5000000000000009 17.500000000000004 8.5000000000000018 31.500000000000004 8.5000000000000018 17.500000000000004 2.5000000000000004 10.500000000000002 24.500000000000004 9.5000000000000018 6.5000000000000009 5.5000000000000009 3.5000000000000004 30.500000000000004 2.5000000000000004 17.500000000000004 22.500000000000004 7.5000000000000009 4.5000000000000009 40.500000000000007 4.5000000000000009 4.5000000000000009 7.5000000000000009 5.5000000000000009 3.5000000000000004
decision_type=2 2 2 2 2 2 2 2 2 2 2 2 2 2 2 2 2 2 2 2 2 2 2 2 2 2 2 2 2 2
left_child=1 12 -3 5 -5 -4 -6 9 -8 13 -11 -10 25 14 -7 16 -16 -18 26 24 -21 -22 23 -23 -14 -1 -15 28 29 -20
right_child=-2 2 3 4 6 7 8 -9 11 10 -12 -13 19 18 15 -17 17 -19 27 20 21 22 -24 -25 -26 -27 -28 -29 -30 -31
leaf_value=-0.093593051328080823 0.10843999492270606 -0.092983823091102147 0.092864048975475497 -0.12957689626650379 0.097654313424035258 0.037230398706518689 -0.05561436404370599 0.064961467229801673 -0.026013380675404159 -0.011539682678200982 0.077887620667858828 0.046152282792788289 -0.047877546660602094 0.083895775692706759 -0.056148020263229098 -0.083117142071326588 0.064371786914441897 -0.024493214607238772 0.0098237851900713786 0.035183407756125148 -0.080435036495327961 -0.0011622620293417491 0.024347224114638456 -0.0833095726169025 0.0094456804629701845 -0.031648967228829865 0.018910800565320712 -0.037978336215019226 0.046769649471555437 -0.057366997003555298
leaf_weight=23 21 24 42 22 23 26 36 46 27 22 41 39 85 22 35 27 23 25 42 41 20 37 53 24 26 36 26 30 35 21
leaf_count=23 21 24 42 22 23 26 36 46 27 22 41 39 85 22 35 27 23 25 42 41 20 37 53 24 26 36 26 30 35 21
internal_value=0 -0.00232609 0.00908041 0.013096 -0.0102665 0.0205135 0.0107321 0.0132957 -0.00886803 0.00695801 0.046659 0.01663 -0.0232876 -0.00105854 -0.0174495 -0.0303738 -0.0132164 0.0180879 0.0116072 -0.0165812 -0.00524692 -0.0176174 -0.00659676 -0.0334825 -0.0344505 -0.0557967 0.0486956 -0.00230094 0.00862071 -0.0125731
internal_weight=0 979 634 610 147 463 125 421 102 375 63 66 345 312 136 110 83 48 176 286 175 134 114 61 111 59 48 128 98 63
internal_count=1000 979 634 610 147 463 125 421 102 375 63 66 345 312 136 110 83 48 176 286 175 134 114 61 111 59 48 128 98 63
is_linear=0
shrinkage=0.05


Tree=73
num_leaves=31
num_cat=0
split_feature=1 0 1 0 3 1 1 3 1 1 2 1 1 1 1 3 0 2 1 2 3 3 1 1 1 1 3 1 4 1
split_gain=91.059 84.5015 93.8048 38.7585 27.409 124.837 66.293 64.0552 34.5164 36.6728 29.8884 27.1532 24.0803 23.3828 34.6962 35.9352 40.2686 34.1504 32.7738 20.911 35.8626 53.933 32.812 34.6123 34.1133 23.6177 19.4395 19.3683 19.339 19.094
threshold=48.500000000000007 3.5000000000000004 2.5000000000000004 8.5000000000000018 9.5000000000000018 11.500000000000002 6.5000000000000009 8.5000000000000018 21.500000000000004 31.500000000000004 2.5000000000000004 10.500000000000002 35.500000000000007 24.500000000000004 9.5000000000000018 6.5000000000000009 5.5000000000000009 3.5000000000000004 30.500000000000004 2.5000000000000004 2.5000000000000004 4.5000000000000009 17.500000000000004 29.500000000000004 41.500000000000007 40.500000000000007 4.5000000000000009 14.500000000000002 1.0000000180025095e-35 33.500000000000007
decision_type=2 2 2 2 2 2 2 2 2 2 2 2 2 2 2 2 2 2 2 2 2 2 2 2 2 2 2 2 2 2
left_child=1 11 -3 4 6 -6 -4 13 -7 -10 -11 26 27 14 -8 16 -16 -18 28 25 -21 -22 -23 -24 -25 29 -1 -5 -15 -13
right_child=-2 2 3 12 5 8 7 -9 9 10 -12 19 -14 18 15 -17 17 -19 -20 20 21 22 23 24 -26 -27 -28 -29 -30 -31
leaf_value=-0.088913400228256778 0.10301799348422461 -0.088334630662575367 0.076219922019854974 0.060625634439013622 -0.11862448693617532 0.067541355870309336 0.035368877849899803 0.065470435379481898 -0.063090474009513856 -0.027720695796112221 0.044724171800272806 -0.030186754704530663 0.084978012399127098 0.017066971929027484 -0.053340620866843637 -0.078961284214057278 0.061153198551872505 -0.023268553763628005 -0.0021858936088392511 0.05045851692929864 -0.084676504766811503 0.046322293892236695 -0.049423454107627988 0.043382759934121912 -0.034961434888343017 0.0089733955235435422 -0.030066517347262969 0.0070590638783242969 0.080762600831010126 -0.082196264386177068
leaf_weight=23 21 24 38 27 23 21 26 41 20 24 35 60 24 26 35 27 23 25 128 25 23 28 42 33 24 26 36 45 22 25
leaf_count=23 21 24 38 27 23 21 26 41 20 24 35 60 24 26 35 27 23 25 128 25 23 28 42 33 24 26 36 45 22 25
internal_value=0 -0.00220978 0.00862639 0.0124412 0.00699443 -0.0135915 0.0134703 0.0067154 0.0105661 -0.00457924 0.0152551 -0.0221232 0.0416044 -0.00100561 -0.016577 -0.0288552 -0.0125556 0.0171835 0.0110268 -0.0157521 -0.00498458 -0.0142251 -0.00146617 -0.0149821 0.0103957 -0.032728 -0.0530068 0.0271465 0.0462608 -0.0454837
internal_weight=0 979 634 610 514 123 391 353 100 79 59 345 96 312 136 110 83 48 176 286 175 150 127 99 57 111 59 72 48 85
internal_count=1000 979 634 610 514 123 391 353 100 79 59 345 96 312 136 110 83 48 176 286 175 150 127 99 57 111 59 72 48 85
is_linear=0
shrinkage=0.05


Tree=74
num_leaves=31
num_cat=0
split_feature=1 0 1 3 1 1 1 3 1 4 0 1 1 2 1 2 1 1 2 4 2 2 1 3 3 2 1 1 1 1
split_gain=82.1807 76.2626 84.6588 35.2504 123.596 80.2191 75.6304 44.637 42.3005 39.8953 39.277 41.4212 24.5058 23.0343 21.103 32.7256 29.5784 21.861 77.854 20.492 22.1939 33.5036 25.0358 20.0336 18.8151 18.6998 51.5615 45.4498 18.5096 20.5662
threshold=48.500000000000007 3.5000000000000004 2.5000000000000004 9.5000000000000018 9.5000000000000018 6.5000000000000009 17.500000000000004 8.5000000000000018 35.500000000000007 1.0000000180025095e-35 8.5000000000000018 17.500000000000004 10.500000000000002 2.5000000000000004 24.500000000000004 4.5000000000000009 30.500000000000004 17.500000000000004 1.5000000000000002 1.0000000180025095e-35 4.5000000000000009 3.5000000000000004 26.500000000000004 3.5000000000000004 4.5000000000000009 2.5000000000000004 19.500000000000004 24.500000000000004 33.500000000000007 36.500000000000007
decision_type=2 2 2 2 2 2 2 2 2 2 2 2 2 2 2 2 2 2 2 2 2 2 2 2 2 2 2 2 2 2
left_child=1 12 -3 5 -5 -4 -6 10 9 -8 14 -12 -1 -10 15 17 24 18 -7 20 21 -14 -22 -17 -16 27 -27 -21 -18 -30
right_child=-2 2 3 4 6 7 8 -9 13 -11 11 -13 19 -15 16 23 28 -19 -20 25 22 -23 -24 -25 -26 26 -28 -29 29 -31
leaf_value=-0.050356486632283461 0.097867093696480709 -0.083917895363022896 0.084484107916553822 -0.11879637376828628 0.091624726225500525 -0.080027390602562171 -0.083099833406783924 0.058503241051474343 -0.016301086577384369 0.0087884242690744862 -0.013020041940564459 0.072024892450014991 -0.02970299738060151 0.049739369990364199 0.077979058907790624 -0.016534374316688628 -0.039736266033007554 -0.068828645149438553 0.032975699901580814 -0.083536186218261727 -0.093598829258395286 0.039610439268025488 -0.018088921319161143 0.050337110552936798 0.015152048367935307 0.081799456760996869 -0.0092316755124678216 0.010949968174099923 0.047998127341270451 -0.0049309813966735821
leaf_weight=59 21 24 42 22 23 27 27 46 23 21 22 41 84 31 22 21 26 29 35 20 23 22 21 24 26 21 60 35 24 78
leaf_count=59 21 24 42 22 23 27 27 46 23 21 22 41 84 31 22 21 26 29 35 20 23 22 21 24 26 21 60 35 24 78
internal_value=0 -0.00209929 0.00819507 0.0118192 -0.00951221 0.0185918 0.0097218 0.0120182 -0.0087465 -0.0428987 0.00631604 0.0423267 -0.021017 0.021611 -0.000955333 -0.0157482 0.0104755 -0.0329958 -0.0162353 -0.0149645 -0.0277084 -0.0153172 -0.05756 0.0191304 0.0439478 -0.000908726 0.014369 -0.0234086 -0.0020766 0.00752293
internal_weight=0 979 634 610 147 463 125 421 102 48 375 63 345 54 312 136 176 91 62 286 150 106 44 45 48 136 81 55 128 102
internal_count=1000 979 634 610 147 463 125 421 102 48 375 63 345 54 312 136 176 91 62 286 150 106 44 45 48 136 81 55 128 102
is_linear=0
shrinkage=0.05


Tree=75
num_leaves=31
num_cat=0
split_feature=1 0 1 0 4 2 1 0 1 2 3 3 2 1 1 1 3 1 4 2 2 1 3 2 1 1 3 3 0 1
split_gain=74.1681 68.827 76.4046 32.5172 23.7382 30.5632 38.0952 31.9747 30.3799 28.5613 29.4886 25.4381 24.3943 22.1165 21.1054 31.7063 19.5061 37.147 18.494 20.03 30.237 22.5949 17.5442 16.8766 46.5342 41.0184 15.2969 11.1473 9.82278 8.03633
threshold=48.500000000000007 3.5000000000000004 2.5000000000000004 8.5000000000000018 1.0000000180025095e-35 3.5000000000000004 42.500000000000007 7.5000000000000009 41.500000000000007 1.0000000180025095e-35 4.5000000000000009 9.5000000000000018 2.5000000000000004 10.500000000000002 29.500000000000004 19.500000000000004 2.5000000000000004 25.500000000000004 1.0000000180025095e-35 4.5000000000000009 3.5000000000000004 26.500000000000004 4.5000000000000009 2.5000000000000004 19.500000000000004 24.500000000000004 10.500000000000002 6.5000000000000009 2.5000000000000004 9.5000000000000018
decision_type=2 2 2 2 2 2 2 2 2 2 2 2 2 2 2 2 2 2 2 2 2 2 2 2 2 2 2 2 2 2
left_child=1 13 -3 4 5 6 7 9 11 -4 -11 16 -12 22 15 -5 -7 -18 19 20 27 -21 -1 25 -25 -20 29 -15 -26 -6
right_child=-2 2 3 14 26 8 -8 -9 -10 10 12 -13 -14 18 -16 -17 17 -19 23 21 -22 -23 -24 24 28 -27 -28 -29 -30 -31
leaf_value=-0.081949903483947983 0.092973738287885993 -0.079722003638744363 -0.059064171059677997 0.047096539393533025 0.045887520580607299 -0.036661160940473732 0.075503622442483903 0.048166068078115076 -0.078650978729128851 0.044636168437344692 -0.043569716906973296 -0.054071020105710403 0.025652694553136825 -0.010003473591946421 0.069598552518907716 -0.027633843503215096 0.051339533552527433 -0.03323972225189209 -0.079359377622604366 -0.088918884066135989 0.037629914419217543 -0.017184474372438023 -0.026045368384155967 0.07770948307145209 -0.025868177762521167 0.010402470050113542 -0.0098018416726007706 -0.046432221751837505 0.015167227521538734 0.019120477140750155
leaf_weight=23 21 24 24 40 34 22 20 29 20 28 35 26 20 42 34 22 34 21 20 23 22 21 36 21 35 35 41 42 25 160
leaf_count=23 21 24 24 40 34 22 20 29 20 28 35 26 20 42 34 22 34 21 20 23 22 21 36 21 35 35 41 42 25 160
internal_value=0 -0.00199433 0.00778531 0.0112282 0.0062392 -0.00362232 0.0110723 0.00159708 -0.0222594 -0.0110244 0.00286658 -0.0113095 -0.0183979 -0.0199662 0.0379403 0.0205793 0.00312941 0.0190456 -0.0142163 -0.026323 -0.0145513 -0.054682 -0.0478387 -0.00086329 0.0136505 -0.0222382 0.0179471 -0.0282178 -0.00877009 0.0238116
internal_weight=0 979 634 610 514 279 156 136 123 107 83 103 55 345 96 62 77 55 286 150 106 44 59 136 81 55 235 84 60 194
internal_count=1000 979 634 610 514 279 156 136 123 107 83 103 55 345 96 62 77 55 286 150 106 44 59 136 81 55 235 84 60 194
is_linear=0
shrinkage=0.05


Tree=76
num_leaves=31
num_cat=0
split_feature=0 1 2 1 1 1 4 1 3 1 3 4 2 1 1 3 2 1 1 0 1 3 2 2 1 2 1 0 1 4
split_gain=67.2675 64.318 30.7178 33.3714 33.2072 50.7065 37.4223 35.998 71.6977 32.1214 23.5986 19.1996 18.1127 18.0148 92.3356 52.0555 40.3577 60.8727 37.6802 13.8681 11.7069 16.892 18.1942 10.4652 37.4734 10.1811 22.2813 34.0398 18.583 9.23481
threshold=4.5000000000000009 2.5000000000000004 3.5000000000000004 42.500000000000007 8.5000000000000018 28.500000000000004 1.0000000180025095e-35 20.500000000000004 3.5000000000000004 38.500000000000007 8.5000000000000018 1.0000000180025095e-35 5.5000000000000009 28.500000000000004 24.500000000000004 3.5000000000000004 1.0000000180025095e-35 13.500000000000002 34.500000000000007 7.5000000000000009 12.500000000000002 2.5000000000000004 5.5000000000000009 1.0000000180025095e-35 44.500000000000007 3.5000000000000004 38.500000000000007 2.5000000000000004 28.500000000000004 1.0000000180025095e-35
decision_type=2 2 2 2 2 2 2 2 2 2 2 2 2 2 2 2 2 2 2 2 2 2 2 2 2 2 2 2 2 2
left_child=11 -2 3 13 -4 7 9 8 -6 -7 -5 20 23 14 15 -3 -17 -18 -15 -20 -1 -22 25 -13 -25 26 27 -23 -27 -10
right_child=1 2 4 10 5 6 -8 -9 29 -11 -12 12 -14 18 -16 16 17 -19 19 -21 21 22 -24 24 -26 28 -28 -29 -30 -31
leaf_value=-0.047092741120444696 -0.076182045564055445 -0.036739867180585861 0.051203631288532558 0.1040640896851463 -0.088860425833845513 0.029701755419373511 0.057655968555273156 -0.072737690518774531 0.0015301351637943932 -0.045471268064445923 0.031486311151335641 -0.034748336412560414 0.032187469688554605 -0.038006235810147754 0.11322809386032601 0.095007652249187238 0.063740541621604391 -0.027791022776793212 0.049394961134079964 0.00084997793726090867 -0.056073004179275958 -0.038041159853339196 -0.053473160075752639 0.0053055879166825273 -0.063490789448437487 -0.015976663776065991 -0.047434230419722473 0.041573244076350643 0.049923036471009256 0.045866839905890328
leaf_weight=46 20 39 29 21 20 30 39 34 23 27 24 34 30 37 27 20 34 39 31 28 26 25 23 142 23 23 33 29 20 24
leaf_count=46 20 39 29 21 20 30 39 34 23 27 24 34 30 37 27 20 34 39 31 28 26 25 23 142 23 23 33 29 20 24
internal_value=0 0.0118251 0.0151714 0.0256587 0.00125011 -0.00610346 0.0199157 -0.0308346 -0.00957032 -0.00590652 0.0653559 -0.0142214 -0.00402932 0.0186533 0.0289798 0.0117472 0.0320804 0.0148401 0.00155013 0.0263567 -0.0245946 -0.0188129 -0.0124812 -0.00948914 -0.00428421 -0.00522875 -0.0150659 0.00471472 0.0146744 0.0241702
internal_weight=0 546 526 300 226 197 96 101 67 57 45 454 229 255 159 132 93 73 96 59 225 179 153 199 165 130 87 54 43 47
internal_count=1000 546 526 300 226 197 96 101 67 57 45 454 229 255 159 132 93 73 96 59 225 179 153 199 165 130 87 54 43 47
is_linear=0
shrinkage=0.05


Tree=77
num_leaves=31
num_cat=0
split_feature=1 0 1 3 1 1 1 3 1 4 0 1 2 0 3 0 2 2 3 1 1 1 1 4 2 2 3 3 3 1
split_gain=67.0774 56.6534 62.9269 31.3024 112.472 68.8532 65.5688 40.3965 36.6232 35.3971 31.9454 38.131 23.0884 22.2587 75.6656 21.1127 32.8556 28.0981 73.5288 22.4799 35.887 19.7929 16.6774 24.4221 27.5436 30.1244 15.477 13.9345 11.9207 19.1864
threshold=48.500000000000007 3.5000000000000004 2.5000000000000004 9.5000000000000018 9.5000000000000018 6.5000000000000009 17.500000000000004 8.5000000000000018 35.500000000000007 1.0000000180025095e-35 8.5000000000000018 17.500000000000004 2.5000000000000004 7.5000000000000009 5.5000000000000009 6.5000000000000009 3.5000000000000004 2.5000000000000004 4.5000000000000009 38.500000000000007 31.500000000000004 10.500000000000002 14.500000000000002 1.0000000180025095e-35 4.5000000000000009 3.5000000000000004 4.5000000000000009 3.5000000000000004 10.500000000000002 32.500000000000007
decision_type=2 2 2 2 2 2 2 2 2 2 2 2 2 2 2 2 2 2 2 2 2 2 2 2 2 2 2 2 2 2
left_child=1 21 -3 5 -5 27 -6 10 9 -8 13 -12 -10 15 -15 17 -17 18 -7 20 -19 26 -23 24 25 -24 -1 -4 29 -25
right_child=-2 2 3 4 6 7 8 -9 12 -11 11 -13 -14 14 -16 16 -18 19 -20 -21 -22 22 23 28 -26 -27 -28 -29 -30 -31
leaf_value=-0.076608231339765631 0.088417842336708602 -0.072438970704873415 0.047323265522718427 -0.11425112902440809 0.084607885842737943 0.018072814889615631 -0.078493508075674387 0.054614525509532545 -0.018558257883009705 0.0080596790427253356 -0.015658805959604002 0.065938590977074038 0.047559573333109582 0.012840480275633859 -0.100465627014637 0.062584431086267753 -0.0087232870111862825 0.0052672270685434341 -0.081375642854939492 -0.03502298783510923 0.079006130857901147 0.021866666808003379 -0.031691169470548633 0.029512535301702364 -0.067055962239884623 0.037371845245361329 -0.024100381089374425 0.10498844725503163 -0.028641144982699693 -0.016251927343072632
leaf_weight=23 21 24 20 22 23 41 27 46 23 21 22 41 31 41 23 35 30 66 34 20 22 31 75 49 39 20 36 22 29 43
leaf_count=23 21 24 20 22 23 41 27 46 23 21 22 41 31 41 23 35 30 66 34 20 22 31 75 49 39 20 36 22 29 43
internal_value=0 -0.0018966 0.00697611 0.0101006 -0.0100007 0.0164827 0.00834733 0.0103926 -0.00884867 -0.0406265 0.00496806 0.0374443 0.0193983 -0.00158964 -0.0278789 0.00519469 0.0296732 -0.00349986 -0.0270105 0.012827 0.023702 -0.0182018 -0.0127623 -0.0169721 -0.031676 -0.0171516 -0.0445695 0.0775288 -0.000688528 0.00812262
internal_weight=0 979 634 610 147 463 125 421 102 48 375 63 54 312 64 248 65 183 75 108 88 345 286 255 134 95 59 42 121 92
internal_count=1000 979 634 610 147 463 125 421 102 48 375 63 54 312 64 248 65 183 75 108 88 345 286 255 134 95 59 42 121 92
is_linear=0
shrinkage=0.05


Tree=78
num_leaves=31
num_cat=0
split_feature=1 0 1 3 1 1 1 1 3 3 4 1 3 0 2 2 2 3 1 2 2 1 0 2 3 3 1 1 3 1
split_gain=60.5374 51.1297 56.7916 28.2504 101.506 62.14 59.1759 37.6724 58.5973 74.5027 43.5934 33.7762 33.4519 30.0058 42.6448 30.501 24.7555 22.6247 18.2764 17.9752 22.1132 17.8631 17.1808 15.2047 33.4853 52.2457 28.4488 31.479 34.0805 21.1963
threshold=48.500000000000007 3.5000000000000004 2.5000000000000004 9.5000000000000018 9.5000000000000018 6.5000000000000009 17.500000000000004 16.500000000000004 7.5000000000000009 6.5000000000000009 1.0000000180025095e-35 31.500000000000004 5.5000000000000009 6.5000000000000009 4.5000000000000009 1.5000000000000002 2.5000000000000004 4.5000000000000009 24.500000000000004 3.5000000000000004 1.5000000000000002 10.500000000000002 6.5000000000000009 2.5000000000000004 2.5000000000000004 4.5000000000000009 17.500000000000004 29.500000000000004 9.5000000000000018 40.500000000000007
decision_type=2 2 2 2 2 2 2 2 2 2 2 2 2 2 2 2 2 2 2 2 2 2 2 2 2 2 2 2 2 2
left_child=1 21 -3 5 -5 -4 -6 10 9 13 22 -8 -12 14 15 -9 -13 19 -10 20 -15 -1 -7 29 -25 -26 -27 -28 -29 -23
right_child=-2 2 3 4 6 7 11 8 18 -11 12 16 -14 17 -16 -17 -18 -19 -20 -21 -22 23 -24 24 25 26 27 28 -30 -31
leaf_value=-0.042341065729605193 0.083996947845887571 -0.068817026261240241 0.073652397326770286 -0.10853857218541883 0.080377493458597571 -0.021050229482352734 -0.047364180643732351 0.010574154616059627 0.098762612133508634 -0.069409716501832017 0.049904254481436747 -0.023959555449309174 -0.028723410346234841 0.0078413717772649692 0.040052602317456797 -0.054613033285070417 0.038322617677159804 0.070756315620559646 0.042468319914263225 -0.0096605807414342632 0.079728506356477741 -0.038683841688668029 -0.078077212125062953 0.050631319181993609 -0.081212189878620542 0.04518390905910305 -0.044744568637439183 -0.01834949770144054 0.061067838035523896 0.012906116282997225
leaf_weight=59 21 24 42 22 23 28 36 34 21 28 31 27 24 23 41 38 39 33 46 29 20 85 25 25 23 28 42 35 22 26
leaf_count=59 21 24 42 22 23 28 36 34 21 28 31 27 24 23 41 38 39 33 46 29 20 85 25 25 23 28 42 35 22 26
internal_value=0 -0.00180177 0.00662731 0.00959561 -0.0095007 0.0156586 0.00792997 0.00987298 0.0186588 0.00736843 -0.0155895 -0.00840624 0.015594 0.0172298 -0.000651481 -0.0238302 0.0128435 0.0364736 0.0601128 0.0207606 0.0412772 -0.0172917 -0.0479497 -0.0121242 -0.00294263 -0.0118716 0.000686123 -0.0118991 0.0123028 -0.0265997
internal_weight=0 979 634 610 147 463 125 421 313 246 108 102 55 218 113 72 66 105 67 72 43 345 53 286 175 150 127 99 57 111
internal_count=1000 979 634 610 147 463 125 421 313 246 108 102 55 218 113 72 66 105 67 72 43 345 53 286 175 150 127 99 57 111
is_linear=0
shrinkage=0.05


Tree=79
num_leaves=31
num_cat=0
split_feature=1 0 1 0 4 1 1 2 3 3 1 1 2 1 1 1 2 2 1 1 1 1 4 4 1 2 2 2 1 1
split_gain=54.635 48.8062 46.4074 37.2828 25.2215 22.2144 25.0728 42.395 44.3502 81.2641 25.1622 22.0182 19.6338 23.7192 55.4637 48.3594 21.0413 19.6826 19.291 26.6941 18.8612 36.4651 28.2751 16.992 12.4819 12.3654 12.3442 27.0364 19.1739 16.6186
threshold=48.500000000000007 8.5000000000000018 3.5000000000000004 3.5000000000000004 1.0000000180025095e-35 6.5000000000000009 16.500000000000004 1.5000000000000002 7.5000000000000009 3.5000000000000004 19.500000000000004 11.500000000000002 3.5000000000000004 28.500000000000004 24.500000000000004 32.500000000000007 2.5000000000000004 1.5000000000000002 29.500000000000004 19.500000000000004 31.500000000000004 38.500000000000007 1.0000000180025095e-35 1.0000000180025095e-35 24.500000000000004 3.5000000000000004 4.5000000000000009 2.5000000000000004 36.500000000000007 26.500000000000004
decision_type=2 2 2 2 2 2 2 2 2 2 2 2 2 2 2 2 2 2 2 2 2 2 2 2 2 2 2 2 2 2
left_child=1 2 23 4 11 -5 7 -7 9 -9 -8 -4 13 14 -12 -15 17 -17 19 25 24 -22 -23 -1 -14 -3 27 28 -13 -28
right_child=-2 18 3 5 -6 6 10 8 -10 -11 12 26 20 15 -16 16 -18 -19 -20 -21 21 22 -24 -25 -26 -27 29 -29 -30 -31
leaf_value=-0.078113500880343578 0.079797103291466123 0.013187420244018236 -0.076092920782552531 0.041604027571156624 -0.001640519842142298 -0.063570682257413871 0.05558076721909283 -0.02932612338662148 -0.049035637252605881 0.10243486267599194 -0.0056957859346376998 -0.013201966757575671 -0.009460371837861116 -0.06134544214152772 0.094741520892690737 0.022656129314391704 0.055808125729007389 -0.030294655467598488 0.061879027196589644 -0.029499709741635755 0.04185373038053513 -0.059795705199241635 0.018903686744826183 -0.019393349235708065 -0.056436915767307465 0.065724429630097891 -0.075192026082764984 0.014893877379437712 -0.074318074257600883 -0.013007798400663196
leaf_weight=28 21 24 22 40 159 35 27 25 26 22 28 33 31 23 27 54 28 26 34 22 39 25 21 22 26 21 22 47 21 21
leaf_count=28 21 24 22 40 159 35 27 25 26 22 28 33 31 23 27 54 28 26 34 22 39 25 21 22 26 21 22 47 21 21
internal_value=0 -0.00171168 -0.00549811 -0.00267332 -0.0158726 0.00585506 0.0027666 -0.0183286 0.00336284 0.0323492 0.00918428 -0.0295046 0.00536506 0.0160537 0.0436098 0.00448437 0.0185037 0.00544712 0.031204 0.0156376 -0.00863557 0.00628683 -0.0238677 -0.0522766 -0.0308883 0.0377047 -0.0223869 -0.012835 -0.0369693 -0.044823
internal_weight=0 979 878 828 325 503 463 108 73 47 355 166 328 186 55 131 108 80 101 67 142 85 46 50 57 45 144 101 54 43
internal_count=1000 979 878 828 325 503 463 108 73 47 355 166 328 186 55 131 108 80 101 67 142 85 46 50 57 45 144 101 54 43
is_linear=0
shrinkage=0.05


Tree=80
num_leaves=31
num_cat=0
split_feature=1 4 0 0 2 3 1 1 1 1 3 1 3 1 3 3 2 1 1 1 1 2 2 3 3 2 2 2 0 1
split_gain=49.3081 44.7298 27.4468 25.8484 24.2988 29.8347 29.5237 42.527 26.4308 19.1571 48.9285 24.8514 18.5528 14.3624 34.4669 36.9437 17.5701 21.598 27.1739 14.3029 30.255 16.9943 14.1079 14.0447 28.7431 23.6936 20.2129 13.1148 11.1598 13.9043
threshold=48.500000000000007 1.0000000180025095e-35 4.5000000000000009 6.5000000000000009 5.5000000000000009 10.500000000000002 25.500000000000004 32.500000000000007 31.500000000000004 44.500000000000007 6.5000000000000009 38.500000000000007 6.5000000000000009 22.500000000000004 2.5000000000000004 5.5000000000000009 4.5000000000000009 28.500000000000004 34.500000000000007 17.500000000000004 12.500000000000002 2.5000000000000004 3.5000000000000004 2.5000000000000004 6.5000000000000009 2.5000000000000004 3.5000000000000004 1.0000000180025095e-35 2.5000000000000004 35.500000000000007
decision_type=2 2 2 2 2 2 2 2 2 2 2 2 2 2 2 2 2 2 2 2 2 2 2 2 2 2 2 2 2 2
left_child=1 3 27 4 5 6 19 -8 -7 10 11 -9 -6 14 -4 -16 17 -15 -19 20 21 -1 -17 -5 25 -25 -26 -3 -29 -30
right_child=-2 2 13 23 12 8 7 9 -10 -11 -12 -13 -14 16 15 22 -18 18 -20 -21 -22 -23 -24 24 26 -27 -28 28 29 -31
leaf_value=-0.017640985518693926 0.07580724756699056 -0.031851574934690312 -0.046621392610604356 -0.030418803788721561 -0.023449742736724708 -0.01011801542783225 0.044432855888523838 0.00034362681210041044 0.065718316659331324 -0.065049023032188416 0.044957277035483946 -0.074433176130056386 -0.085098190314095962 0.060242306854989797 0.066395642392096985 0.019312274796079453 0.065240621374499416 -0.038503384454683827 0.028179724235087633 -0.066980119659142065 0.013436082904708796 -0.071945763387552958 -0.028486024090447107 0.072346627167784255 0.011760036350460724 0.0093337435168879389 -0.038628495046321085 -0.010683821385296492 0.0034399484743674598 0.048645204621028497
leaf_weight=25 21 34 23 25 26 27 33 20 20 20 26 25 23 27 31 38 31 22 50 33 29 34 26 26 48 35 34 91 75 22
leaf_count=25 21 34 23 25 26 27 33 20 20 20 26 25 23 27 31 38 31 22 50 33 29 34 26 26 48 35 34 91 75 22
internal_value=0 -0.0016261 0.00949601 -0.011896 -0.0198047 -0.0143372 -0.0213373 -0.00419164 0.0221528 -0.0218247 -0.00964884 -0.041199 -0.0523868 0.0209279 0.00829833 0.0215947 0.0323916 0.0221056 0.00780433 -0.0389081 -0.0283811 -0.0489353 -0.000105784 0.00415676 0.0102014 0.0361917 -0.00913277 -0.00327473 0.00189342 0.0136927
internal_weight=0 979 470 509 341 292 245 124 47 91 71 45 49 248 118 95 130 99 72 121 88 59 64 168 143 61 82 222 188 97
internal_count=1000 979 470 509 341 292 245 124 47 91 71 45 49 248 118 95 130 99 72 121 88 59 64 168 143 61 82 222 188 97
is_linear=0
shrinkage=0.05


Tree=81
num_leaves=31
num_cat=0
split_feature=1 0 1 0 4 1 1 2 3 3 1 1 1 1 2 1 1 1 2 2 1 4 1 1 4 2 2 1 1 2
split_gain=44.5005 41.3844 39.9974 30.8145 21.5882 20.9834 21.4715 39.8143 39.8969 70.6791 23.3047 18.8438 17.3911 23.8881 16.6555 20.9548 48.0633 43.1796 18.925 17.8392 16.8104 48.4114 22.5311 14.9612 14.6067 11.4774 10.9784 31.4843 24.0085 26.4176
threshold=48.500000000000007 8.5000000000000018 3.5000000000000004 3.5000000000000004 1.0000000180025095e-35 6.5000000000000009 16.500000000000004 1.5000000000000002 7.5000000000000009 3.5000000000000004 19.500000000000004 11.500000000000002 29.500000000000004 19.500000000000004 3.5000000000000004 28.500000000000004 24.500000000000004 32.500000000000007 2.5000000000000004 1.5000000000000002 28.500000000000004 1.0000000180025095e-35 41.500000000000007 38.500000000000007 1.0000000180025095e-35 3.5000000000000004 2.5000000000000004 24.500000000000004 32.500000000000007 4.5000000000000009
decision_type=2 2 2 2 2 2 2 2 2 2 2 2 2 2 2 2 2 2 2 2 2 2 2 2 2 2 2 2 2 2
left_child=1 2 24 4 11 -5 7 -7 9 -9 -8 -4 13 25 15 16 -12 -17 19 -19 -16 22 -22 -23 -1 -3 27 -6 29 -28
right_child=-2 12 3 5 26 6 10 8 -10 -11 14 -13 -14 -15 20 17 -18 18 -20 -21 21 23 -24 -25 -26 -27 28 -29 -30 -31
leaf_value=-0.072414195910096166 0.07201688516707648 0.011239554174244404 -0.070120032453401523 0.040088712399592628 -0.059571836201044226 -0.061022320975150382 0.052932799855868018 -0.026183891445398334 -0.045856152646816695 0.096696641126816918 -0.0055471859606248996 -0.020436148632628225 0.05789040953797453 -0.028714083270593122 -0.033963500977155163 -0.058628084380989487 0.087949674811076239 0.020824451951516998 0.052202352562120982 -0.029585773315137398 -0.0034544187723784836 0.075623868405818945 -0.069323610141873368 0.015198267779002586 -0.017971326478502966 0.061855060997463407 0.0510576539650196 0.013065717406570913 -0.026417618556297387 -0.014154280245304109
leaf_weight=28 21 24 22 40 26 35 27 25 26 22 28 144 34 22 44 23 27 54 28 26 37 20 20 21 22 21 41 35 32 25
leaf_count=28 21 24 22 40 26 35 27 25 26 22 28 144 34 22 44 23 27 54 28 26 37 20 20 21 22 21 41 35 32 25
internal_value=0 -0.0015448 -0.00503146 -0.00240901 -0.0144088 0.00534436 0.00234269 -0.0171788 0.00384204 0.0313347 0.00828163 -0.0270208 0.028765 0.013985 0.00460607 0.0144507 0.0403513 0.00357641 0.0168237 0.00444113 -0.00828901 0.00323832 -0.0265664 0.0446742 -0.0484593 0.0348601 -0.00124166 -0.0178946 0.00912391 0.0263562
internal_weight=0 979 878 828 325 503 463 108 73 47 355 166 101 67 328 186 55 131 108 80 142 98 57 41 50 45 159 61 98 66
internal_count=1000 979 878 828 325 503 463 108 73 47 355 166 101 67 328 186 55 131 108 80 142 98 57 41 50 45 159 61 98 66
is_linear=0
shrinkage=0.05


Tree=82
num_leaves=31
num_cat=0
split_feature=1 0 1 0 1 3 4 1 3 1 2 0 2 2 3 1 3 2 0 1 2 0 2 3 3 1 1 3 1 0
split_gain=40.1617 37.3494 36.0976 27.899 22.219 30.1124 20.1939 18.0734 17.6904 20.8029 48.5179 22.305 23.4942 49.9808 38.4373 32.7858 15.9708 51.6673 14.0557 12.9586 10.4313 28.0034 10.3657 9.75921 15.1231 17.5756 28.3897 14.7222 24.4207 30.1936
threshold=48.500000000000007 8.5000000000000018 3.5000000000000004 1.5000000000000002 21.500000000000004 8.5000000000000018 1.0000000180025095e-35 6.5000000000000009 10.500000000000002 16.500000000000004 2.5000000000000004 2.5000000000000004 1.0000000180025095e-35 1.5000000000000002 2.5000000000000004 27.500000000000004 3.5000000000000004 2.5000000000000004 4.5000000000000009 28.500000000000004 4.5000000000000009 5.5000000000000009 4.5000000000000009 10.500000000000002 7.5000000000000009 17.500000000000004 33.500000000000007 6.5000000000000009 41.500000000000007 6.5000000000000009
decision_type=2 2 2 2 2 2 2 2 2 2 2 2 2 2 2 2 2 2 2 2 2 2 2 2 2 2 2 2 2 2
left_child=1 2 18 4 5 -4 7 -5 9 10 -9 -11 -13 -14 -15 -16 -3 -18 -1 -10 21 -17 -19 24 27 -26 -27 28 29 -8
right_child=-2 16 3 6 -6 -7 23 8 19 11 -12 12 13 14 15 20 17 22 -20 -21 -22 -23 -24 -25 25 26 -28 -29 -30 -31
leaf_value=-0.019526255831122399 0.068416043158088413 -0.0092879528584687617 -0.018944812204156603 0.033027535261310359 -0.0054782692737493045 -0.09467924208868117 -0.010251053838874214 -0.095855548271598923 0.048401610534638172 -0.048919685557484632 -0.0063437697170983728 -0.041045119835349225 0.067221253258841374 -0.063560118790095058 0.046237555343125548 -0.031025385394178592 0.08207800435937114 0.024131783114915546 -0.07254647436738014 -0.0015524066380552344 -0.038739633381366732 0.044788954655329394 -0.025603914409875875 -0.0079477066696011303 0.0010304471638439029 0.085542097039244799 0.013034474380590298 -0.025959953511583395 0.064436712081078443 0.040164578134237336
leaf_weight=25 21 23 35 27 73 21 96 24 20 28 41 31 28 24 35 29 36 22 25 37 25 21 20 58 29 27 27 29 20 43
leaf_count=25 21 23 35 27 73 21 96 24 20 28 41 31 28 24 35 29 36 22 25 37 25 21 20 58 29 27 27 29 20 43
internal_value=0 -0.00146756 -0.00477989 -0.00228856 -0.0236531 -0.0473452 0.00165425 -0.00635955 -0.00945999 -0.0145293 -0.0393943 -0.00721603 -0.00116576 0.00646548 -0.00622976 0.00627869 0.0273268 0.0381234 -0.0460364 0.0159753 -0.0123688 0.000816637 0.000448118 0.0106667 0.0146506 0.0324271 0.0492883 0.00680251 0.012778 0.00534515
internal_weight=0 979 878 828 129 56 699 370 343 286 65 221 193 162 134 110 101 78 50 57 75 50 42 329 271 83 54 188 159 139
internal_count=1000 979 878 828 129 56 699 370 343 286 65 221 193 162 134 110 101 78 50 57 75 50 42 329 271 83 54 188 159 139
is_linear=0
shrinkage=0.05


Tree=83
num_leaves=31
num_cat=0
split_feature=1 4 2 0 3 1 3 1 3 3 2 2 3 1 0 0 2 1 3 3 2 1 1 2 2 3 3 0 0 1
split_gain=36.246 34.6253 21.8616 39.4613 35.7305 30.1695 28.0661 35.58 29.4061 45.9648 26.7475 25.7886 24.3875 21.4262 20.9692 19.5979 11.7806 11.482 30.8023 30.3567 16.3797 19.223 23.6301 13.0429 11.0854 9.90268 15.7051 13.7128 9.33056 11.8898
threshold=48.500000000000007 1.0000000180025095e-35 5.5000000000000009 8.5000000000000018 8.5000000000000018 24.500000000000004 10.500000000000002 25.500000000000004 3.5000000000000004 2.5000000000000004 1.0000000180025095e-35 3.5000000000000004 7.5000000000000009 30.500000000000004 4.5000000000000009 1.5000000000000002 1.5000000000000002 22.500000000000004 2.5000000000000004 5.5000000000000009 4.5000000000000009 28.500000000000004 34.500000000000007 3.5000000000000004 1.0000000180025095e-35 2.5000000000000004 7.5000000000000009 4.5000000000000009 2.5000000000000004 35.500000000000007
decision_type=2 2 2 2 2 2 2 2 2 2 2 2 2 2 2 2 2 2 2 2 2 2 2 2 2 2 2 2 2 2
left_child=1 2 3 6 5 -4 7 10 9 -9 -1 13 16 -8 24 -12 -10 18 -16 -20 21 -19 -23 -21 -3 -17 27 -27 -26 -30
right_child=-2 14 4 -5 -6 -7 11 8 12 -11 15 -13 -14 -15 17 25 -18 20 19 23 -22 22 -24 -25 28 26 -28 -29 29 -31
leaf_value=-0.084191052353178919 0.064995240100792481 -0.029044087061329799 0.03583428242376873 0.045504405305666087 -0.07884876579688542 -0.047950894758105281 0.031314310502438318 -0.0098847149667562924 -0.010269207378913618 0.081652182817924773 -0.069692284259058185 0.060573827475309372 0.012711638818554423 -0.040110384992190773 -0.044826828105294189 -0.044892365571398002 -0.052584850650868924 0.054680902979992056 0.060271962341522017 0.018660662519304375 0.060350219280489031 -0.037972760471430694 0.024210442332550885 -0.027298069422921314 -0.0095199409416866498 -0.027311396314984276 -0.035882657559940946 0.022583705908036794 0.0032884005513042214 0.045090745626525451
leaf_weight=22 21 34 21 34 29 22 21 32 29 24 21 24 47 21 23 26 38 27 31 38 31 22 50 26 91 21 37 40 75 22
leaf_count=22 21 34 21 34 29 22 21 32 29 24 21 24 47 21 23 26 38 27 31 38 31 22 50 26 91 21 37 40 75 22
internal_value=0 -0.00139418 -0.01043 -0.00622387 -0.0359585 -0.00703255 -0.010588 -0.0164274 -0.000324958 0.0293454 -0.0328191 0.0192281 -0.0148999 -0.00439804 0.00839137 -0.0250248 -0.0342691 0.0183836 0.00709126 0.0196609 0.0286336 0.0187021 0.00521002 -1.00723e-05 -0.00277111 -0.0174601 -0.0101821 0.0054067 0.00198038 0.0127693
internal_weight=0 979 509 437 72 43 403 337 170 56 167 66 114 42 470 145 67 248 118 95 130 99 72 64 222 124 98 61 188 97
internal_count=1000 979 509 437 72 43 403 337 170 56 167 66 114 42 470 145 67 248 118 95 130 99 72 64 222 124 98 61 188 97
is_linear=0
shrinkage=0.05


Tree=84
num_leaves=31
num_cat=0
split_feature=1 0 4 2 2 4 2 3 3 3 0 2 3 1 1 1 3 1 0 3 1 1 1 1 2 2 1 2 0 1
split_gain=35.2459 41.2389 22.0393 19.9712 57.5554 29.6719 24.2369 22.5395 17.7661 60.9713 16.8016 24.4839 46.343 30.1423 23.5731 18.9337 16.056 76.0639 28.6786 41.5875 28.3618 23.6776 23.7198 23.7202 17.5404 16.2665 17.8323 14.8627 14.8036 13.5046
threshold=2.5000000000000004 7.5000000000000009 1.0000000180025095e-35 1.5000000000000002 2.5000000000000004 1.0000000180025095e-35 1.0000000180025095e-35 6.5000000000000009 1.5000000000000002 2.5000000000000004 1.5000000000000002 1.5000000000000002 4.5000000000000009 11.500000000000002 18.500000000000004 32.500000000000007 9.5000000000000018 35.500000000000007 4.5000000000000009 5.5000000000000009 12.500000000000002 37.500000000000007 28.500000000000004 19.500000000000004 2.5000000000000004 3.5000000000000004 25.500000000000004 2.5000000000000004 3.5000000000000004 12.500000000000002
decision_type=2 2 2 2 2 2 2 2 2 2 2 2 2 2 2 2 2 2 2 2 2 2 2 2 2 2 2 2 2 2
left_child=-1 2 16 6 -5 7 -3 -6 -4 -10 27 14 -13 -14 -12 -16 18 28 20 25 -2 22 23 -22 -21 26 -20 -11 -18 -7
right_child=1 3 8 4 5 29 -8 -9 9 10 11 12 13 -15 15 -17 17 -19 19 24 21 -23 -24 -25 -26 -27 -28 -29 -30 -31
leaf_value=-0.048574865060961911 -0.064319372301300373 0.034560076198390417 -0.027906161194874182 0.10518255876782148 0.021596776962280274 0.0075989715725881986 -0.023437416917362879 -0.046988108365432074 0.093679085429757836 -0.049867930427193646 0.07464995831251145 -0.054000808546940483 -0.037277600856927724 0.022061036641906499 -0.021164202016024366 0.045210196551951493 -0.039277483033085314 0.025188655504270602 -0.027317504398524761 0.0083318396754886795 0.01829254819011247 -0.039906356053219905 0.038995458534918731 -0.047389973793178802 0.064230424458057517 -0.03655545125029197 0.036024879850447181 0.0019478414868635517 -0.090310149622770661 0.057714091627517852
leaf_weight=36 30 31 36 23 25 20 43 23 20 25 24 33 26 121 21 22 27 38 20 23 27 45 32 28 36 38 25 31 30 41
leaf_count=36 30 31 36 23 25 20 43 23 20 25 24 33 26 121 21 22 27 38 20 23 27 45 32 28 36 38 25 31 30 41
internal_value=0 0.001814 -0.00357719 0.0216515 0.0333079 0.0181417 0.00085883 -0.0112668 0.00541103 0.0091244 0.00354324 0.00914946 -0.000454772 0.0115658 0.0349519 0.0127948 -0.0116643 -0.0296066 -0.00605737 0.0103457 -0.0204354 -0.0104618 0.00476821 -0.0151458 0.0424395 -0.0124679 0.00787271 -0.0211842 -0.0661368 0.0412829
internal_weight=0 964 758 206 132 109 74 48 359 323 303 247 180 147 67 43 399 95 304 142 162 132 87 55 59 83 45 56 57 61
internal_count=1000 964 758 206 132 109 74 48 359 323 303 247 180 147 67 43 399 95 304 142 162 132 87 55 59 83 45 56 57 61
is_linear=0
shrinkage=0.05


Tree=85
num_leaves=31
num_cat=0
split_feature=1 1 0 4 2 3 1 1 1 3 1 0 1 3 1 1 1 2 2 1 1 1 2 1 2 3 3 0 1 1
split_gain=32.6235 30.0361 31.2494 21.7282 19.0863 19.922 26.5305 18.5029 35.8309 16.5406 16.2421 29.909 15.9117 43.2925 20.1676 15.7077 21.3046 21.0791 38.1776 29.2527 54.9355 21.2619 20.5263 19.6504 16.7349 14.9598 14.2477 34.0463 12.1963 16.3698
threshold=48.500000000000007 2.5000000000000004 6.5000000000000009 1.0000000180025095e-35 5.5000000000000009 10.500000000000002 31.500000000000004 25.500000000000004 32.500000000000007 6.5000000000000009 17.500000000000004 4.5000000000000009 44.500000000000007 6.5000000000000009 38.500000000000007 6.5000000000000009 10.500000000000002 3.5000000000000004 1.5000000000000002 28.500000000000004 19.500000000000004 37.500000000000007 1.0000000180025095e-35 32.500000000000007 2.5000000000000004 1.5000000000000002 3.5000000000000004 3.5000000000000004 42.500000000000007 32.500000000000007
decision_type=2 2 2 2 2 2 2 2 2 2 2 2 2 2 2 2 2 2 2 2 2 2 2 2 2 2 2 2 2 2
left_child=1 -1 3 4 5 7 -7 10 -9 -6 11 -3 13 14 -10 -4 -17 18 22 20 -19 -21 -18 -24 -20 -5 27 -27 29 -28
right_child=-2 2 15 25 9 6 -8 8 12 -11 -12 -13 -14 -15 -16 16 17 19 24 21 -22 -23 23 -25 -26 26 28 -29 -30 -31
leaf_value=-0.046146121734960216 0.06166194308371771 -0.043389429247125667 0.051448040664196018 -0.029928878471255305 -0.015352898711959521 -0.013178394935452021 0.063420062176883216 0.042050714943219318 7.5559131801128387e-05 -0.074689896761075319 -0.060089657229907591 0.019879180841868925 -0.05816054865717888 0.043694334176297374 -0.067286990433931354 -0.034965300870438414 0.031492536089932306 0.018847138229412613 0.082057381277122809 0.046374273376007163 -0.08511955781529347 -0.01551100788233073 -0.046630516318747629 0.018398651054927283 0.030896989476274363 -0.01128481574356556 0.0056636434567125544 0.080973418711218992 0.030784498036585076 -0.028228493573387033
leaf_weight=36 21 47 25 30 24 26 20 33 20 23 33 31 20 26 25 24 39 27 31 35 24 23 26 21 33 20 158 20 33 46
leaf_count=36 21 47 25 30 24 26 20 33 20 23 33 31 20 26 25 24 39 27 31 35 24 23 26 21 33 20 158 20 33 46
internal_value=0 -0.00132268 0.000388504 -0.00595054 -0.0148986 -0.00996581 0.0201253 -0.015856 -0.00258184 -0.0443902 -0.0306848 -0.0182442 -0.0187673 -0.00767058 -0.0373481 0.0134576 0.0101016 0.0142777 0.0264371 -0.00245551 -0.0300784 0.0218336 0.00467659 -0.0175749 0.0556778 0.00360957 0.0072419 0.0348443 0.00258326 -0.0019787
internal_weight=0 979 943 635 328 281 46 235 124 47 111 78 91 71 45 308 283 259 150 109 51 58 86 47 64 307 277 40 237 204
internal_count=1000 979 943 635 328 281 46 235 124 47 111 78 91 71 45 308 283 259 150 109 51 58 86 47 64 307 277 40 237 204
is_linear=0
shrinkage=0.05


Tree=86
num_leaves=31
num_cat=0
split_feature=1 1 0 4 2 3 1 1 1 3 2 3 3 1 0 1 3 1 1 3 0 2 1 2 2 2 1 0 2 1
split_gain=29.4427 27.1076 28.2026 19.6097 17.2254 17.9796 23.9438 16.6988 32.3374 14.9279 14.8432 43.3585 28.37 14.6585 26.9928 14.3603 39.0714 18.2013 14.2618 29.025 15.1306 17.0101 14.1762 19.4219 23.2301 28.2386 44.2606 51.109 25.7415 22.4712
threshold=48.500000000000007 2.5000000000000004 6.5000000000000009 1.0000000180025095e-35 5.5000000000000009 10.500000000000002 31.500000000000004 25.500000000000004 32.500000000000007 6.5000000000000009 5.5000000000000009 6.5000000000000009 1.5000000000000002 17.500000000000004 4.5000000000000009 44.500000000000007 6.5000000000000009 38.500000000000007 18.500000000000004 10.500000000000002 1.5000000000000002 1.5000000000000002 6.5000000000000009 4.5000000000000009 1.5000000000000002 2.5000000000000004 27.500000000000004 7.5000000000000009 1.0000000180025095e-35 32.500000000000007
decision_type=2 2 2 2 2 2 2 2 2 2 2 2 2 2 2 2 2 2 2 2 2 2 2 2 2 2 2 2 2 2
left_child=1 -1 3 4 5 7 -7 13 -9 -6 12 -12 -5 14 -3 16 17 -10 20 -20 -14 -22 -4 24 28 -26 27 -27 -24 -30
right_child=-2 2 22 10 9 6 -8 8 15 -11 11 -13 18 -15 -16 -17 -18 -19 19 -21 21 -23 23 -25 25 26 -28 -29 29 -31
leaf_value=-0.043838814616255051 0.058578844900642128 -0.041219958623356007 0.048875639736652376 -0.049618506072847929 -0.014585252292454243 -0.012519475731712122 0.060249060355126866 0.039948178278846724 7.1780420839786529e-05 -0.070955402144919272 0.082252196071758155 -0.017118813773698133 -0.013655910598622126 -0.057085173746401624 0.018885220190690413 -0.055252521187067027 0.041509613967858829 -0.063922642871737476 0.0079236618854091664 -0.042320534214377405 0.069680634818293827 0.01387535273614857 0.02991790851243796 -0.012619724800835733 0.07141338254917752 -0.076938298121094706 0.054590656538493931 0.032350043223603915 -0.048304500288384802 0.017478718644096738
leaf_weight=36 21 47 25 27 24 26 20 33 20 23 21 23 22 33 31 20 26 25 118 38 22 36 39 73 33 20 40 23 34 21
leaf_count=36 21 47 25 27 24 26 20 33 20 23 21 23 22 33 31 20 26 25 118 38 22 36 39 73 33 20 40 23 34 21
internal_value=0 -0.00125654 0.000369079 -0.00565301 -0.0141536 -0.00946752 0.019119 -0.0150632 -0.00245275 -0.0421706 0.0034291 0.0303083 -0.0010678 -0.0291505 -0.017332 -0.0178289 -0.00728705 -0.0354807 0.00448673 -0.00431531 0.0216507 0.0350429 0.0127847 0.00959651 0.0173193 0.0322892 0.0167339 -0.0184817 -0.00115427 -0.0231873
internal_weight=0 979 943 635 328 281 46 235 124 47 307 44 263 111 78 91 71 45 236 156 80 58 308 283 210 116 83 43 94 55
internal_count=1000 979 943 635 328 281 46 235 124 47 307 44 263 111 78 91 71 45 236 156 80 58 308 283 210 116 83 43 94 55
is_linear=0
shrinkage=0.05


Tree=87
num_leaves=31
num_cat=0
split_feature=1 0 1 0 1 3 3 2 1 2 1 3 1 1 3 0 3 2 1 1 2 3 3 2 1 1 2 1 4 2
split_gain=26.5721 25.1985 25.0914 17.5053 19.041 27.6166 15.7195 45.2564 15.6126 25.2984 17.9499 22.1783 41.4176 27.8155 27.5965 27.3848 25.4354 36.9286 36.5813 75.6814 17.4453 66.6004 45.0199 39.8226 36.9113 36.1869 31.2329 20.7087 38.2397 16.4279
threshold=48.500000000000007 8.5000000000000018 3.5000000000000004 1.5000000000000002 21.500000000000004 8.5000000000000018 3.5000000000000004 2.5000000000000004 6.5000000000000009 3.5000000000000004 8.5000000000000018 8.5000000000000018 18.500000000000004 36.500000000000007 9.5000000000000018 4.5000000000000009 6.5000000000000009 4.5000000000000009 25.500000000000004 35.500000000000007 3.5000000000000004 4.5000000000000009 4.5000000000000009 5.5000000000000009 28.500000000000004 15.500000000000002 1.5000000000000002 24.500000000000004 1.0000000180025095e-35 2.5000000000000004
decision_type=2 2 2 2 2 2 2 2 2 2 2 2 2 2 2 2 2 2 2 2 2 2 2 2 2 2 2 2 2 2
left_child=1 2 -1 4 5 -4 -3 -8 9 -5 -10 16 -13 14 -14 -16 20 18 -18 -20 21 25 23 -22 -24 -12 -23 -27 -29 -15
right_child=-2 6 3 8 -6 -7 7 -9 10 -11 11 12 13 29 15 -17 17 -19 19 -21 22 26 24 -25 -26 27 -28 28 -30 -31
leaf_value=-0.03831096135079861 0.055649904303607493 -0.013868110529754474 -0.013495016675442457 0.05833768163775576 -0.0019356861968894733 -0.086023017906007318 0.074306151022513714 -0.0020917597251744672 -0.038538675513118507 -0.014759473297744991 0.093519964521484714 0.056814990995658766 0.022806181708971661 -0.0027836823655712989 -0.070739050492130473 -0.0026008171339829762 -0.052972066344227645 -0.086616526477571051 0.089764925912022592 -0.039607572498229833 -0.052928455085070297 -0.068416662321522312 -0.017772655982686125 0.017366749112462176 0.069995398640632631 -0.020309240937880849 0.0063124074704117242 0.066168185472488414 -0.0092407177876809559 0.044737188821785491
leaf_weight=50 21 23 35 29 73 21 36 42 30 20 21 45 30 31 29 30 32 21 20 26 66 29 23 29 25 23 27 40 29 44
leaf_count=50 21 23 35 29 73 21 36 42 30 20 21 45 30 31 29 30 32 21 20 26 66 29 23 29 25 23 27 40 29 44
internal_value=0 -0.00119372 -0.00391441 -0.00183732 -0.0187606 -0.040693 0.0224574 0.0331688 0.00128586 0.0285021 -0.000765831 0.00106189 0.0143232 0.00266385 -0.016239 -0.0360925 -0.00568169 -0.0277631 -0.011918 0.0166413 0.00132493 0.0122006 -0.0115282 -0.0314699 0.0279399 0.0342969 -0.0323866 0.0207786 0.0344746 0.0250952
internal_weight=0 979 878 828 129 56 101 78 699 49 650 620 209 164 89 59 411 99 78 46 312 169 143 95 48 113 56 92 69 75
internal_count=1000 979 878 828 129 56 101 78 699 49 650 620 209 164 89 59 411 99 78 46 312 169 143 95 48 113 56 92 69 75
is_linear=0
shrinkage=0.05


Tree=88
num_leaves=31
num_cat=0
split_feature=4 0 1 3 0 1 1 0 1 3 3 1 1 1 0 2 1 1 3 3 3 2 1 2 3 1 3 2 0 0
split_gain=25.6563 21.0327 21.4848 18.4925 25.6616 31.8805 20.5193 19.5248 33.9371 24.8063 19.8365 21.808 46.663 23.9422 37.5896 16.2745 14.8963 14.356 13.991 40.7596 19.2747 13.8156 13.1661 28.9707 11.7245 16.4984 13.2873 10.3426 28.4166 20.2726
threshold=1.0000000180025095e-35 4.5000000000000009 43.500000000000007 2.5000000000000004 8.5000000000000018 3.5000000000000004 17.500000000000004 2.5000000000000004 35.500000000000007 6.5000000000000009 3.5000000000000004 24.500000000000004 31.500000000000004 15.500000000000002 4.5000000000000009 2.5000000000000004 30.500000000000004 37.500000000000007 7.5000000000000009 9.5000000000000018 5.5000000000000009 5.5000000000000009 40.500000000000007 1.0000000180025095e-35 8.5000000000000018 20.500000000000004 6.5000000000000009 2.5000000000000004 7.5000000000000009 7.5000000000000009
decision_type=2 2 2 2 2 2 2 2 2 2 2 2 2 2 2 2 2 2 2 2 2 2 2 2 2 2 2 2 2 2
left_child=3 21 18 6 5 -5 -1 8 9 -7 -9 13 -13 14 -12 -14 -8 -17 20 -20 27 22 23 -2 26 -26 -25 29 -29 -3
right_child=1 2 -4 4 -6 7 16 10 -10 -11 11 12 15 -15 -16 17 -18 -19 19 -21 -22 -23 -24 24 25 -27 -28 28 -30 -31
leaf_value=-0.062322496812169753 -0.047448640010718794 0.065173534710298894 0.06125542734203359 -0.065865850177678195 0.035137857831059362 -0.088569999791004439 0.017588917206972837 0.037832201684692077 0.017423059931024911 -0.021525193280792117 -0.059833240863822759 -0.069402862905013948 -0.019894899188909892 0.04189941970550496 0.023921083074969218 0.049103608565485998 -0.034669883698225025 -0.0020433946567423203 0.06548318970812167 -0.0011871441195790587 -0.033930456957646779 0.028927576259399453 -0.033943546402856316 0.0065357958277066546 0.01665095119210689 -0.044646625859396799 0.049019951602587333 -0.03785321087177311 0.029307573495639696 -0.0035077344803583058
leaf_weight=30 28 22 26 22 39 22 25 35 32 37 21 31 53 46 37 23 30 34 41 52 28 30 38 63 23 21 26 28 36 21
leaf_count=30 28 22 26 22 39 22 25 35 32 37 21 31 53 46 37 23 30 34 41 52 28 30 38 63 23 21 26 28 36 21
internal_value=0 0.00828589 0.0181929 -0.00774097 -0.00354638 -0.00738527 -0.0290594 -0.00391742 -0.0240377 -0.046525 0.00262168 -0.00240839 -0.0152199 0.0149611 -0.00640376 4.97993e-05 -0.0109159 0.0185949 0.0132823 0.0282052 0.00300211 -0.00270272 -0.00747111 -0.00122295 0.00850877 -0.0126047 0.0189469 0.0126667 -7.52697e-05 0.0316315
internal_weight=0 483 254 517 432 393 85 371 91 59 280 245 141 104 58 110 55 57 228 93 135 229 199 161 133 44 89 107 64 43
internal_count=1000 483 254 517 432 393 85 371 91 59 280 245 141 104 58 110 55 57 228 93 135 229 199 161 133 44 89 107 64 43
is_linear=0
shrinkage=0.05


Tree=89
num_leaves=31
num_cat=0
split_feature=1 4 2 3 1 0 3 3 2 1 2 1 1 1 1 2 1 3 1 1 1 3 3 3 2 1 3 1 3 1
split_gain=23.595 22.7203 15.3931 28.8444 29.3752 28.3769 21.5971 27.7772 24.2756 23.4558 21.8569 33.669 21.1008 29.8798 36.1177 52.6559 28.2227 19.0396 13.3254 42.5286 35.9387 17.3589 16.7548 47.1525 25.5461 22.2591 16.3504 31.6364 34.3443 28.1983
threshold=48.500000000000007 1.0000000180025095e-35 5.5000000000000009 8.5000000000000018 24.500000000000004 8.5000000000000018 10.500000000000002 9.5000000000000018 3.5000000000000004 30.500000000000004 4.5000000000000009 23.500000000000004 42.500000000000007 37.500000000000007 24.500000000000004 2.5000000000000004 6.5000000000000009 3.5000000000000004 16.500000000000004 19.500000000000004 22.500000000000004 2.5000000000000004 2.5000000000000004 5.5000000000000009 2.5000000000000004 9.5000000000000018 5.5000000000000009 32.500000000000007 8.5000000000000018 35.500000000000007
decision_type=2 2 2 2 2 2 2 2 2 2 2 2 2 2 2 2 2 2 2 2 2 2 2 2 2 2 2 2 2 2
left_child=1 2 5 4 -4 6 7 10 9 -8 12 -12 13 14 16 17 -1 -16 22 -20 -21 -22 -3 -24 -25 -26 -23 28 -28 -29
right_child=-2 18 3 -5 -6 -7 8 -9 -10 -11 11 -13 -14 -15 15 -17 -18 -19 19 20 21 26 23 24 25 -27 27 29 -30 -31
leaf_value=0.020149129764600236 0.052439919743864305 -0.041648977636717835 0.038422635410513196 -0.068401994877334296 -0.04425221756100655 0.038950786958722505 0.031982390582561492 -0.06051976500914015 0.057654045025507611 -0.04274851722376688 -0.002188619670147697 -0.080754812054336073 0.03416020120635177 -0.052579852010151654 0.032930364662950691 0.088984805272649167 -0.03480574268847704 -0.028753833755336963 0.072807420293490091 -0.039541881013752167 0.045510840244792607 -0.01421709680480176 0.043233710329007843 -0.050862115259106104 -0.023924614309022825 0.043193251107420241 0.085765303990670616 -0.052161615945044017 0.0093705883910579057 0.013687015927603675
leaf_weight=33 21 26 21 29 22 34 21 29 24 21 30 25 33 33 22 23 80 29 27 36 37 58 46 37 30 21 28 21 31 72
leaf_count=33 21 26 21 29 22 34 21 29 24 21 30 25 33 33 22 23 80 29 27 36 37 58 46 37 30 21 28 21 31 72
internal_value=0 -0.00112486 -0.00844426 -0.0298657 -0.00387613 -0.00491487 -0.00861569 -0.0137381 0.0175395 -0.00538306 -0.00933331 -0.0379005 -0.00312304 -0.00871553 -0.000974763 0.0261792 -0.018757 -0.00214496 0.00680189 0.0128503 0.00713 0.0139324 -0.00491688 0.00221024 -0.0192338 0.00371215 0.00836855 0.0169868 0.0456257 -0.00118203
internal_weight=0 979 509 72 43 437 403 337 66 42 308 55 253 220 187 74 113 51 470 310 283 247 160 134 88 51 210 152 59 93
internal_count=1000 979 509 72 43 437 403 337 66 42 308 55 253 220 187 74 113 51 470 310 283 247 160 134 88 51 210 152 59 93
is_linear=0
shrinkage=0.05


Tree=90
num_leaves=31
num_cat=0
split_feature=1 0 1 3 3 3 1 3 1 1 1 0 2 2 3 1 1 2 2 2 1 1 1 3 1 4 1 3 3 1
split_gain=22.7863 25.4687 19.4979 28.5665 62.8818 32.084 22.8612 15.4091 78.1565 67.5162 92.0533 26.4754 32.5954 32.374 48.0826 47.3243 42.7234 25.5682 23.7162 52.3484 57.828 52.232 20.8798 19.9114 14.7723 14.0497 12.7204 23.9426 17.2348 57.5523
threshold=2.5000000000000004 7.5000000000000009 14.500000000000002 6.5000000000000009 3.5000000000000004 8.5000000000000018 10.500000000000002 9.5000000000000018 11.500000000000002 18.500000000000004 31.500000000000004 3.5000000000000004 4.5000000000000009 1.0000000180025095e-35 5.5000000000000009 11.500000000000002 21.500000000000004 2.5000000000000004 4.5000000000000009 2.5000000000000004 30.500000000000004 25.500000000000004 38.500000000000007 3.5000000000000004 42.500000000000007 1.0000000180025095e-35 16.500000000000004 3.5000000000000004 5.5000000000000009 32.500000000000007
decision_type=2 2 2 2 2 2 2 2 2 2 2 2 2 2 2 2 2 2 2 2 2 2 2 2 2 2 2 2 2 2
left_child=-1 7 6 4 -4 -5 -3 11 -9 -10 -11 12 26 -13 18 -16 -17 -12 19 20 -15 -21 -18 -14 -19 -20 -2 -28 -29 -30
right_child=1 2 3 5 -6 -7 -8 8 9 10 17 13 23 14 15 16 22 24 25 21 -22 -23 -24 -25 -26 -27 27 28 29 -31
leaf_value=-0.03905654592607688 -0.021569393699367844 0.013995841813498531 -0.011480692374270136 -0.054712398119013884 0.080486211547737607 0.011394052211195231 0.080746845836224768 -0.087753625286202286 0.07446551153063774 -0.071168679585482217 -0.018629211722873153 -0.031769333366686719 -0.080202677366988995 0.070022444828198513 0.10859335778015 -0.019594254317309927 0.070176630870027609 0.068078059476354855 0.0020815297854798183 -0.1020672005529587 -0.040121799842877823 0.0039535908826759886 0.012714289434254171 -0.02235417979057221 0.013998176051037654 0.050604534392746592 0.045402886840571283 -0.036197605247384516 0.052933196995306665 -0.036506985447236469
leaf_weight=36 48 29 41 29 34 50 23 31 25 47 32 39 21 26 21 34 43 23 35 26 22 21 25 51 28 26 33 29 37 35
leaf_count=36 48 29 41 29 34 50 23 31 25 47 32 39 21 26 21 34 43 23 35 26 22 21 25 51 28 26 33 29 37 35
internal_value=0 0.00145854 0.0170482 0.00810952 0.030211 -0.0128729 0.0435203 -0.00277821 -0.0152798 -0.000785036 -0.0152563 0.00128699 -0.0107492 0.0109008 0.0168655 0.0402415 0.0261691 0.0164049 -0.00156568 -0.0171876 0.0195397 -0.0546962 0.0490508 -0.0392267 0.0383871 0.0227635 0.00051658 0.00842797 -0.00365294 0.00945533
internal_weight=0 964 206 154 75 79 52 758 186 155 130 572 254 318 279 123 102 83 156 95 48 47 68 72 51 61 182 134 101 72
internal_count=1000 964 206 154 75 79 52 758 186 155 130 572 254 318 279 123 102 83 156 95 48 47 68 72 51 61 182 134 101 72
is_linear=0
shrinkage=0.05


Tree=91
num_leaves=31
num_cat=0
split_feature=1 4 3 3 1 0 2 1 2 1 3 0 1 1 1 3 1 1 1 3 3 1 3 1 1 3 3 2 1 1
split_gain=21.6953 20.3197 14.4742 20.0086 17.6756 13.2205 115.733 18.4368 17.4274 22.2046 41.2528 35.3679 30.996 18.9796 36.5385 12.9438 12.1515 37.3161 30.8046 15.8226 15.0812 28.4699 28.2215 28.1245 25.4691 14.9994 42.3618 23.4995 18.699 13.8468
threshold=48.500000000000007 1.0000000180025095e-35 2.5000000000000004 3.5000000000000004 17.500000000000004 7.5000000000000009 2.5000000000000004 33.500000000000007 2.5000000000000004 31.500000000000004 9.5000000000000018 5.5000000000000009 38.500000000000007 24.500000000000004 39.500000000000007 6.5000000000000009 16.500000000000004 19.500000000000004 22.500000000000004 2.5000000000000004 5.5000000000000009 32.500000000000007 8.5000000000000018 32.500000000000007 35.500000000000007 2.5000000000000004 5.5000000000000009 2.5000000000000004 9.5000000000000018 40.500000000000007
decision_type=2 2 2 2 2 2 2 2 2 2 2 2 2 2 2 2 2 2 2 2 2 2 2 2 2 2 2 2 2 2
left_child=1 2 4 -4 -1 8 7 -7 13 10 11 15 -11 -5 -15 -10 25 -18 -19 -20 23 22 -22 -21 -23 -3 -27 -28 -29 -26
right_child=-2 16 3 5 -6 6 -8 -9 9 12 -12 -13 -14 14 -16 -17 17 18 19 20 21 24 -24 -25 29 26 27 28 -30 -31
leaf_value=-0.057704211265469596 0.050284508021459701 -0.039527659333096099 0.024511833931758722 -0.0031146323647011412 -0.0099925059113990175 0.094427468660085112 -0.059322192300768462 0.029628914807523998 -0.040824019290026159 0.05591716935798046 -0.062150450519153057 0.052243067920207976 -0.012739086853606361 -0.075001949980491547 -9.4352974728853614e-05 0.0080858349489669017 0.068356272688618422 -0.036374523625191717 0.043281727732234709 -0.05682073272764683 0.07965211293527058 -0.049587311347325642 0.010401073723070083 0.014354380411761148 0.04604979035529224 0.040854097866331755 -0.048690031161783519 -0.021677917316555981 0.039838903539237525 -0.0015510080009698869
leaf_weight=30 21 26 53 44 55 23 34 21 31 31 35 25 35 41 27 24 27 36 37 23 28 21 31 35 22 46 37 30 21 50
leaf_count=30 21 26 53 44 55 23 34 21 31 31 35 25 35 41 27 24 27 36 37 23 28 21 31 35 22 46 37 30 21 50
internal_value=0 -0.00107863 -0.00800056 -0.0042254 -0.0268319 -0.00833072 0.00996262 0.0635009 -0.0132006 -0.00360834 -0.0168754 0.0029324 0.0195085 -0.0287024 -0.0452592 -0.0194815 0.00641768 0.0121935 0.00683523 0.013133 0.0078211 0.0160981 0.043266 -0.0138702 -0.00113751 -0.00477301 0.00197042 -0.0183551 0.00365254 0.0129937
internal_weight=0 979 509 424 85 371 78 44 293 181 115 80 66 112 68 55 470 310 283 247 210 152 59 58 93 160 134 88 51 72
internal_count=1000 979 509 424 85 371 78 44 293 181 115 80 66 112 68 55 470 310 283 247 210 152 59 58 93 160 134 88 51 72
is_linear=0
shrinkage=0.05


Tree=92
num_leaves=31
num_cat=0
split_feature=1 0 2 2 4 3 2 1 3 1 1 1 0 2 2 3 1 1 2 2 2 1 1 1 3 4 4 1 1 1
split_gain=19.9638 21.7591 18.898 43.0623 21.0282 17.9851 16.8074 13.3725 12.8285 68.4552 50.423 74.2284 23.9799 29.8104 27.9981 42.3513 43.4498 37.9985 22.0904 21.2931 47.9048 53.2913 45.8392 18.469 17.8693 15.6398 12.5398 12.4008 11.0161 10.972
threshold=2.5000000000000004 7.5000000000000009 1.5000000000000002 2.5000000000000004 1.0000000180025095e-35 6.5000000000000009 1.0000000180025095e-35 12.500000000000002 9.5000000000000018 9.5000000000000018 17.500000000000004 31.500000000000004 3.5000000000000004 4.5000000000000009 1.0000000180025095e-35 5.5000000000000009 11.500000000000002 21.500000000000004 2.5000000000000004 4.5000000000000009 2.5000000000000004 30.500000000000004 25.500000000000004 38.500000000000007 3.5000000000000004 1.0000000180025095e-35 1.0000000180025095e-35 42.500000000000007 30.500000000000004 16.500000000000004
decision_type=2 2 2 2 2 2 2 2 2 2 2 2 2 2 2 2 2 2 2 2 2 2 2 2 2 2 2 2 2 2
left_child=-1 8 6 -4 5 -5 -3 -6 12 -10 -11 25 13 29 -14 19 -17 -18 -13 20 21 -16 -22 -19 -15 -12 -21 -20 -9 -2
right_child=1 2 3 4 7 -7 -8 28 9 10 11 18 14 24 15 16 17 23 27 26 22 -23 -24 -25 -26 -27 -28 -29 -30 -31
leaf_value=-0.036557737862070401 -0.020034816868913674 0.023613102962413143 0.089283839969531362 0.018594372928142547 -4.235595464706421e-05 -0.04267075055926714 -0.024683985114097598 0.076384557038545617 -0.090934445559978483 0.063258777618408202 -0.088972437769174573 -0.017048325692303478 -0.029373819008469582 -0.076348254705468813 0.067350637798125931 0.10328758018357415 -0.018849249421071045 0.065757660377164226 0.063152161467334503 0.0020707758629162397 -0.09650417285469863 -0.038384861990132114 0.0028167906261625745 0.011714347738772632 -0.021546376299332173 -0.034562974423170092 0.047912306868686132 0.013602912213121141 0.024534312476004877 0.0078248143237806978
leaf_weight=36 48 31 23 25 20 23 43 20 25 25 25 32 39 21 26 21 34 43 23 35 26 22 21 25 51 28 26 28 21 134
leaf_count=36 48 31 23 25 20 23 43 20 25 25 25 32 39 21 26 21 34 43 23 35 26 22 21 25 51 28 26 28 21 134
internal_value=0 0.00136523 0.0157749 0.0271138 0.0139954 -0.0107618 -0.00445142 0.0334765 -0.00255085 -0.0139577 -0.00200478 -0.0140018 0.00115837 -0.0102966 0.0103079 0.0158548 0.0377935 0.0243094 0.0155161 -0.00144301 -0.0162453 0.0188885 -0.0521267 0.0458888 -0.0375303 -0.0602278 0.0216098 0.0359487 0.0498271 0.000477219
internal_weight=0 964 206 132 109 48 74 61 758 186 161 136 572 254 318 279 123 102 83 156 95 48 47 68 72 53 61 51 41 182
internal_count=1000 964 206 132 109 48 74 61 758 186 161 136 572 254 318 279 123 102 83 156 95 48 47 68 72 53 61 51 41 182
is_linear=0
shrinkage=0.05


Tree=93
num_leaves=31
num_cat=0
split_feature=1 4 2 3 1 3 1 3 0 1 1 1 1 0 3 3 3 0 0 1 3 1 3 2 1 1 3 2 2 3
split_gain=19.8497 17.1047 12.7865 25.5796 27.04 23.9838 27.5449 23.6939 16.8296 18.7114 27.1073 28.3352 24.692 10.4963 11.3383 32.3776 25.9802 17.9853 11.0466 10.2383 73.6957 44.7083 35.3434 33.7707 9.17004 14.795 29.7142 8.44495 10.8511 10.9715
threshold=48.500000000000007 1.0000000180025095e-35 5.5000000000000009 10.500000000000002 29.500000000000004 8.5000000000000018 24.500000000000004 9.5000000000000018 4.5000000000000009 12.500000000000002 37.500000000000007 28.500000000000004 19.500000000000004 4.5000000000000009 7.5000000000000009 5.5000000000000009 10.500000000000002 7.5000000000000009 6.5000000000000009 25.500000000000004 2.5000000000000004 11.500000000000002 3.5000000000000004 1.5000000000000002 12.500000000000002 21.500000000000004 3.5000000000000004 5.5000000000000009 4.5000000000000009 9.5000000000000018
decision_type=2 2 2 2 2 2 2 2 2 2 2 2 2 2 2 2 2 2 2 2 2 2 2 2 2 2 2 2 2 2
left_child=1 2 3 7 -5 6 -4 8 9 -1 11 12 -11 27 15 24 17 -16 -18 20 -10 -22 -21 -24 -15 -26 -27 28 29 -3
right_child=-2 13 5 4 -6 -7 -8 -9 19 10 -12 -13 -14 14 16 -17 18 -19 -20 22 21 -23 23 -25 25 26 -28 -29 -30 -31
leaf_value=-0.054358612893727322 0.04809820487030915 0.0070833194659401981 0.03775255701371602 0.055464658546535407 -0.0059127165886916615 -0.062045860740131346 -0.042305271671449936 -0.050633488828316336 -0.083142107150827857 0.02550117334520275 -0.041419906558335891 0.052161006033420568 -0.046471996204211163 -0.0082775024165000245 0.025839031520573531 -0.0405253051314503 0.022489092219620945 0.083858243477615446 -0.025483493770783145 0.058607432385906578 0.055801595460721533 -0.020403734863831256 0.042862979429108758 -0.037339969085795538 0.059989690679040822 0.038845169677948342 -0.032810713836680293 0.023106281048264996 -0.032424580612860153 -0.022876045798383107
leaf_weight=29 21 120 21 34 38 29 22 32 24 22 42 25 26 28 34 32 24 22 24 32 38 39 21 35 22 39 23 29 32 41
leaf_count=29 21 120 21 34 38 29 22 32 24 22 42 25 26 28 34 32 24 22 24 32 38 39 21 35 22 39 23 29 32 41
internal_value=0 -0.00103173 -0.00738249 -0.00416578 0.023071 -0.0269061 -0.00320726 -0.00953853 -0.00558946 -0.0184671 -0.00941615 0.00899697 -0.0134843 0.00584602 0.0129155 0.00382992 0.0254956 0.0486323 -0.0014972 0.00422204 -0.00664055 0.0172041 0.0166893 -0.00726386 0.0165028 0.024763 0.0122631 -0.00205146 -0.00583164 -0.000546084
internal_weight=0 979 509 437 72 72 43 365 333 144 115 73 48 470 248 144 104 56 48 189 101 77 88 56 112 84 62 222 193 161
internal_count=1000 979 509 437 72 72 43 365 333 144 115 73 48 470 248 144 104 56 48 189 101 77 88 56 112 84 62 222 193 161
is_linear=0
shrinkage=0.05


Tree=94
num_leaves=31
num_cat=0
split_feature=1 0 1 3 3 3 1 3 1 1 1 0 2 2 3 1 1 2 2 2 1 1 1 2 1 4 1 3 3 1
split_gain=18.4692 18.5803 18.1352 24.2664 58.6486 28.9841 18.6066 10.9877 64.53 55.5063 74.7303 20.6951 27.0759 25.7289 39.6736 37.4648 34.2012 20.1947 19.4686 42.2381 49.3216 39.6392 17.0707 15.6504 11.3592 10.9956 9.72871 20.6232 15.1133 50.5902
threshold=2.5000000000000004 7.5000000000000009 14.500000000000002 6.5000000000000009 3.5000000000000004 8.5000000000000018 10.500000000000002 9.5000000000000018 11.500000000000002 18.500000000000004 31.500000000000004 3.5000000000000004 4.5000000000000009 1.0000000180025095e-35 5.5000000000000009 11.500000000000002 21.500000000000004 2.5000000000000004 4.5000000000000009 2.5000000000000004 30.500000000000004 25.500000000000004 38.500000000000007 5.5000000000000009 42.500000000000007 1.0000000180025095e-35 16.500000000000004 3.5000000000000004 5.5000000000000009 32.500000000000007
decision_type=2 2 2 2 2 2 2 2 2 2 2 2 2 2 2 2 2 2 2 2 2 2 2 2 2 2 2 2 2 2
left_child=-1 7 6 4 -4 -5 -3 11 -9 -10 -11 12 26 -13 18 -16 -17 -12 19 20 -15 -21 -18 -14 -19 -20 -2 -28 -29 -30
right_child=1 2 3 5 -6 -7 -8 8 9 10 17 13 23 14 15 16 22 24 25 21 -22 -23 -24 -25 -26 -27 27 28 29 -31
leaf_value=-0.035162595180898079 -0.018561507233728968 0.013523105557622581 -0.013885669810015981 -0.053097716307845613 0.074931765128584474 0.00973412710428238 0.073743295023703706 -0.07871594823175862 0.06853859752416612 -0.063190366214814983 -0.015421653329394758 -0.028412707751760115 -0.05691215832693837 0.063661034978353057 0.096994395199276162 -0.017288262487443931 0.063231862526993421 0.061286287657592614 0.0019488925859332087 -0.090911388511841121 -0.038060138230635365 0.0014488332328342257 0.011274640113115311 -0.010126878665477942 0.013863712682255678 0.044875209491986499 0.041988455063917421 -0.034015824652180587 0.049498382303863768 -0.034357722103595736
leaf_weight=36 48 29 41 29 34 50 23 31 25 47 32 39 39 26 21 34 43 23 35 26 22 21 25 33 28 26 33 29 37 35
leaf_count=36 48 29 41 29 34 50 23 31 25 47 32 39 39 26 21 34 43 23 35 26 22 21 25 33 28 26 33 29 37 35
internal_value=0 0.00131313 0.0146287 0.00600805 0.0263782 -0.0133307 0.040159 -0.00230561 -0.0128624 0.000308344 -0.0128129 0.00112718 -0.00951431 0.00962699 0.0149444 0.0361782 0.0236572 0.0157142 -0.00179769 -0.0159516 0.0170388 -0.0496441 0.0441299 -0.0354689 0.0352504 0.0202454 0.000753448 0.00767224 -0.00353999 0.008735
internal_weight=0 964 206 154 75 79 52 758 186 155 130 572 254 318 279 123 102 83 156 95 48 47 68 72 51 61 182 134 101 72
internal_count=1000 964 206 154 75 79 52 758 186 155 130 572 254 318 279 123 102 83 156 95 48 47 68 72 51 61 182 134 101 72
is_linear=0
shrinkage=0.05


Tree=95
num_leaves=31
num_cat=0
split_feature=1 1 1 3 3 1 0 3 3 4 3 2 3 3 1 1 3 1 1 0 3 2 1 1 2 0 2 2 1 2
split_gain=18.2949 15.7072 16.998 36.024 32.6611 27.6062 16.1474 17.8624 35.1364 12.7209 28.4785 34.3238 16.8107 31.2745 42.3669 14.1515 18.5109 13.833 38.4033 13.814 11.53 24.3201 19.0318 38.516 26.7632 14.604 17.9632 39.951 42.2814 25.2966
threshold=48.500000000000007 2.5000000000000004 6.5000000000000009 8.5000000000000018 4.5000000000000009 10.500000000000002 8.5000000000000018 8.5000000000000018 4.5000000000000009 1.0000000180025095e-35 2.5000000000000004 3.5000000000000004 7.5000000000000009 6.5000000000000009 33.500000000000007 18.500000000000004 11.500000000000002 23.500000000000004 33.500000000000007 4.5000000000000009 8.5000000000000018 5.5000000000000009 25.500000000000004 35.500000000000007 2.5000000000000004 7.5000000000000009 1.0000000180025095e-35 1.5000000000000002 38.500000000000007 2.5000000000000004
decision_type=2 2 2 2 2 2 2 2 2 2 2 2 2 2 2 2 2 2 2 2 2 2 2 2 2 2 2 2 2 2
left_child=1 -1 3 4 -3 -4 9 8 -8 20 11 -11 13 14 19 -14 17 -17 -19 -12 25 22 -22 -24 -25 26 -7 -28 29 -29
right_child=-2 2 5 -5 -6 6 7 -9 -10 10 12 -13 15 -15 -16 16 -18 18 -20 -21 21 -23 23 24 -26 -27 27 28 -30 -31
leaf_value=-0.033404467824018666 0.046176029670806161 0.010740428282455965 -0.030746368105212848 -0.034975905418396 0.087398860851923624 -0.044674950729935402 -0.0019046169416657812 -0.014277433635046086 0.075928569829155662 0.081867567703127864 -0.044401962237775719 -0.0037642299282279884 0.039759699101833738 -0.057983331928650544 0.040446715846846927 -0.021780301686376333 -0.03229145695056234 0.079501869190822957 -0.0017185818317324618 0.0018820693982498989 0.041983806303678421 -0.043638880085200074 -0.05638537765903906 -0.015417152618908365 0.059318075269460681 -0.046124917028411747 0.050353077362323632 -0.043678715595832245 -0.062875871957444096 0.011858085037890785
leaf_weight=36 21 33 75 20 24 31 29 24 29 25 38 22 34 30 40 20 28 22 43 28 39 22 22 23 25 31 29 26 34 97
leaf_count=36 21 33 75 20 24 31 29 24 29 25 38 22 34 30 40 20 28 22 43 28 39 22 22 23 25 31 29 26 34 97
internal_value=0 -0.000990497 0.00024694 0.0227596 0.0430177 -0.00175476 0.000994125 0.0220004 0.037012 -0.00143538 0.00574204 0.0417846 -0.000243827 -0.0129133 -0.000157623 0.0114776 0.00296792 0.0145828 0.0257714 -0.0247663 -0.00768485 0.00431444 0.0139931 -0.00160173 0.0235074 -0.0140232 -0.00943722 -0.00356426 -0.0135235 0.000118599
internal_weight=0 979 943 77 57 866 791 82 58 709 330 47 283 136 106 147 113 85 65 66 379 131 109 70 48 248 217 186 157 123
internal_count=1000 979 943 77 57 866 791 82 58 709 330 47 283 136 106 147 113 85 65 66 379 131 109 70 48 248 217 186 157 123
is_linear=0
shrinkage=0.05


Tree=96
num_leaves=31
num_cat=0
split_feature=1 1 1 3 3 1 0 1 1 1 2 3 3 1 2 2 0 1 1 1 4 2 1 2 1 1 3 0 3 3
split_gain=16.5111 14.1757 15.3407 32.5116 29.4766 24.9146 14.7178 17.3749 24.2652 27.0069 18.2659 16.1665 35.269 29.3684 40.722 17.0824 16.124 18.7904 15.8454 11.9633 10.6919 46.5141 20.0464 16.5402 10.3617 13.1382 27.9021 24.1922 9.36783 9.35936
threshold=48.500000000000007 2.5000000000000004 6.5000000000000009 8.5000000000000018 4.5000000000000009 10.500000000000002 5.5000000000000009 14.500000000000002 16.500000000000004 19.500000000000004 3.5000000000000004 3.5000000000000004 2.5000000000000004 26.500000000000004 2.5000000000000004 1.0000000180025095e-35 8.5000000000000018 32.500000000000007 43.500000000000007 30.500000000000004 1.0000000180025095e-35 5.5000000000000009 16.500000000000004 3.5000000000000004 43.500000000000007 36.500000000000007 6.5000000000000009 4.5000000000000009 5.5000000000000009 5.5000000000000009
decision_type=2 2 2 2 2 2 2 2 2 2 2 2 2 2 2 2 2 2 2 2 2 2 2 2 2 2 2 2 2 2
left_child=1 -1 3 4 -3 28 20 10 -9 -10 -8 12 19 14 -13 -15 17 -17 -19 -11 24 22 -22 -24 25 27 -27 -7 -4 -25
right_child=-2 2 5 -5 -6 6 7 8 9 11 -12 13 -14 15 -16 16 -18 18 -20 -21 21 -23 23 29 -26 26 -28 -29 -30 -31
leaf_value=-0.031734243048251502 0.043867226761011853 0.010203405695431161 -0.010318050081176419 -0.033227109163999562 0.083028916455805304 -0.0062763553120317025 0.071863934078386857 -0.047238234572467355 0.059203385033955183 0.027704906538128855 0.0050974794477224349 0.018609504252672198 0.074993132897045303 -0.034658158794045449 -0.073497754881779356 0.048975515160709623 0.051892305351793767 -0.021184601400997125 0.028806037293828052 -0.024177113115787508 -0.044361371476331665 0.061895588975287331 0.012294295259733808 -0.046808445779077543 -0.036751576211001426 -0.024220508175051732 0.052846395472685492 -0.061155577050521971 -0.045738673023879531 -0.0044437949080020191
leaf_weight=36 21 33 35 20 24 123 21 21 24 20 20 20 23 20 30 20 24 51 23 25 29 29 106 22 37 23 24 24 40 32
leaf_count=36 21 33 35 20 24 123 21 21 24 20 20 20 23 20 30 20 24 51 23 25 29 29 106 22 37 23 24 24 40 32
internal_value=0 -0.000940972 0.000234593 0.0216216 0.0408668 -0.00166702 0.000944419 0.00875914 0.00459978 0.00848763 0.0392949 0.00373303 0.0246252 -0.0038237 -0.0366549 0.00807164 0.015314 0.00597483 -0.00564697 -0.00111844 -0.005008 0.00293441 -0.00611255 0.00082005 -0.0125034 -0.00787878 0.0151328 -0.0152362 -0.029209 -0.0217035
internal_weight=0 979 943 77 57 866 791 342 301 280 41 256 68 188 50 138 118 94 74 45 449 218 189 160 231 194 47 147 75 54
internal_count=1000 979 943 77 57 866 791 342 301 280 41 256 68 188 50 138 118 94 74 45 449 218 189 160 231 194 47 147 75 54
is_linear=0
shrinkage=0.05


Tree=97
num_leaves=31
num_cat=0
split_feature=1 4 2 3 1 3 3 1 0 1 3 1 1 1 2 1 1 3 3 3 2 1 0 3 3 1 2 1 3 1
split_gain=14.9013 13.0683 10.8106 22.1629 24.4475 20.925 20.0234 25.1792 13.8281 17.3004 25.9102 21.8236 70.5944 20.458 9.45127 17.2507 9.18346 64.2761 39.1449 32.956 30.3028 12.5978 8.09421 16.9189 29.4944 19.7099 19.6108 15.0849 29.918 41.1015
threshold=48.500000000000007 1.0000000180025095e-35 5.5000000000000009 10.500000000000002 29.500000000000004 9.5000000000000018 8.5000000000000018 24.500000000000004 4.5000000000000009 12.500000000000002 2.5000000000000004 38.500000000000007 28.500000000000004 22.500000000000004 1.0000000180025095e-35 20.500000000000004 25.500000000000004 2.5000000000000004 7.5000000000000009 3.5000000000000004 1.5000000000000002 8.5000000000000018 2.5000000000000004 7.5000000000000009 9.5000000000000018 22.500000000000004 2.5000000000000004 9.5000000000000018 6.5000000000000009 39.500000000000007
decision_type=2 2 2 2 2 2 2 2 2 2 2 2 2 2 2 2 2 2 2 2 2 2 2 2 2 2 2 2 2 2
left_child=1 2 3 5 -5 8 7 -4 9 -1 -11 12 13 -12 15 -3 17 -10 21 -18 -21 -19 -16 27 26 -26 -25 -24 29 -29
right_child=-2 14 6 4 -6 -7 -8 -9 16 10 11 -13 -14 -15 22 -17 19 18 -20 20 -22 -23 23 24 25 -27 -28 28 -30 -31
leaf_value=-0.050961773611348252 0.041673865204765681 -0.042155923614544531 0.036418483086994718 0.052666932826533043 -0.0056939476806866498 -0.047107509186025714 -0.056504593012404861 -0.040124333209612152 -0.077616682710746926 -0.055213540533314578 0.019311798531562091 -0.029226193903014064 0.09860367741435766 -0.05220390525646508 -0.0052322440176874735 0.010497907535838229 0.056401643634308135 0.070178816285693932 -0.036880570060263081 0.040277429421742755 -0.03569605703864779 0.020339745795354247 0.030412789967118038 0.081240870324628692 -0.026067270431667566 0.025757040057417958 0.025100508949586327 -0.010117893103354921 -0.058028264473313877 0.064299238440783127
leaf_weight=29 21 28 21 34 38 32 29 22 24 23 20 32 20 20 91 35 32 21 24 21 35 32 36 28 32 43 35 96 23 23
leaf_count=29 21 28 21 34 38 32 29 22 24 23 20 32 20 20 91 35 32 21 24 21 35 32 36 28 32 43 35 96 23 23
internal_value=0 -0.000893923 -0.00644502 -0.00348726 0.0218654 -0.00848833 -0.0243969 -0.00274296 -0.00477718 -0.0164501 -0.00774711 0.00411949 0.0219039 -0.0164461 0.0051178 -0.0129038 0.00411645 -0.00617136 0.0160973 0.0159241 -0.007206 0.0400873 0.00790738 0.0116913 0.0248309 0.00364533 0.0500518 0.00150435 -0.00582454 0.00426525
internal_weight=0 979 509 437 72 365 72 43 333 144 115 92 60 40 470 63 189 101 77 88 56 53 407 316 138 75 63 178 142 119
internal_count=1000 979 509 437 72 365 72 43 333 144 115 92 60 40 470 63 189 101 77 88 56 53 407 316 138 75 63 178 142 119
is_linear=0
shrinkage=0.05


Tree=98
num_leaves=31
num_cat=0
split_feature=1 3 0 3 1 1 1 3 1 2 3 2 1 1 2 1 1 2 3 0 3 3 3 3 1 1 1 3 1 3
split_gain=14.0145 14.4486 32.011 24.1638 28.4754 21.016 20.6529 30.3804 29.0344 79.0909 49.5276 22.3024 30.0246 20.5562 18.7313 28.8755 23.366 26.3781 23.9196 20.1804 19.9641 37.8919 85.494 49.8327 35.6515 17.9532 30.4629 10.4973 23.9105 8.81662
threshold=2.5000000000000004 11.500000000000002 8.5000000000000018 7.5000000000000009 23.500000000000004 47.500000000000007 6.5000000000000009 4.5000000000000009 16.500000000000004 2.5000000000000004 5.5000000000000009 4.5000000000000009 10.500000000000002 11.500000000000002 1.5000000000000002 19.500000000000004 42.500000000000007 1.0000000180025095e-35 6.5000000000000009 6.5000000000000009 7.5000000000000009 3.5000000000000004 4.5000000000000009 6.5000000000000009 39.500000000000007 35.500000000000007 19.500000000000004 10.500000000000002 39.500000000000007 8.5000000000000018
decision_type=2 2 2 2 2 2 2 2 2 2 2 2 2 2 2 2 2 2 2 2 2 2 2 2 2 2 2 2 2 2
left_child=-1 2 5 4 -4 6 7 -2 9 10 -8 12 -11 -13 16 -16 17 18 -10 -19 21 24 -23 -24 -17 26 -3 28 29 -22
right_child=1 25 3 -5 -6 -7 8 -9 14 11 -12 13 -14 -15 15 20 -18 19 -20 -21 27 22 23 -25 -26 -27 -28 -29 -30 -31
leaf_value=-0.030629902731420269 -0.011695946132143338 0.0040030833333730698 -0.022935830748506955 0.070139934787792832 0.04610831835307181 0.040309888148500075 -0.01161905485002891 0.056873177673135489 -0.039739797250009506 -0.013766386253493175 -0.10554907876584266 0.012847279418598524 0.05766260015868372 -0.053421541333198555 0.037895108014345175 0.024003293112253965 0.059421849798840978 0.051752531245583669 0.023702590462441248 -0.0062423650175333027 0.05673323445346045 -0.12668183632194996 0.0084594309750583869 -0.070946535468101507 -0.045964094534516338 0.0098385740463670934 -0.067409947118721905 -0.017985379562014715 -0.024150904792326469 0.018056011063660064
leaf_weight=36 30 28 28 28 32 31 23 35 39 28 36 22 31 25 36 67 26 40 24 24 23 22 62 29 25 38 32 32 27 41
leaf_count=36 30 28 28 28 32 31 23 35 39 28 36 22 31 25 36 67 26 40 24 24 23 22 62 29 25 38 32 32 27 41
internal_value=0 0.00114386 0.00320305 0.0317861 0.0138877 -2.9998e-05 -0.00170408 0.0252259 -0.00427072 -0.0225323 -0.0689323 0.00329418 0.0237641 -0.0224021 0.00155743 -0.00461283 0.016237 0.00739602 -0.0155713 0.0300044 -0.00927833 -0.0188334 -0.0382298 -0.0168458 0.00499042 -0.0170527 -0.0340839 0.00664678 0.0153086 0.0319556
internal_weight=0 964 866 88 60 778 747 65 682 165 59 106 59 47 517 364 153 127 63 64 328 205 113 91 92 98 60 123 91 64
internal_count=1000 964 866 88 60 778 747 65 682 165 59 106 59 47 517 364 153 127 63 64 328 205 113 91 92 98 60 123 91 64
is_linear=0
shrinkage=0.05


Tree=99
num_leaves=31
num_cat=0
split_feature=1 0 1 2 2 1 1 1 3 1 2 3 1 4 3 1 2 3 3 1 2 1 2 1 2 2 0 2 2 0
split_gain=12.6481 13.3721 16.3735 12.7743 24.8578 31.1124 66.2624 30.0554 21.6114 19.2491 23.9311 18.3002 22.5567 6.9302 19.0425 12.7726 6.88762 12.6016 12.5239 18.0296 12.302 37.7045 25.4268 24.9176 35.8725 19.2103 17.7248 21.3808 6.79701 8.76249
threshold=2.5000000000000004 6.5000000000000009 45.500000000000007 1.5000000000000002 2.5000000000000004 26.500000000000004 20.500000000000004 33.500000000000007 7.5000000000000009 8.5000000000000018 4.5000000000000009 3.5000000000000004 24.500000000000004 1.0000000180025095e-35 1.5000000000000002 7.5000000000000009 5.5000000000000009 7.5000000000000009 10.500000000000002 31.500000000000004 1.5000000000000002 25.500000000000004 2.5000000000000004 12.500000000000002 3.5000000000000004 1.0000000180025095e-35 2.5000000000000004 4.5000000000000009 5.5000000000000009 5.5000000000000009
decision_type=2 2 2 2 2 2 2 2 2 2 2 2 2 2 2 2 2 2 2 2 2 2 2 2 2 2 2 2 2 2
left_child=-1 13 3 11 -5 6 9 -7 -9 -6 -11 -3 -13 16 -15 -16 18 -18 20 -20 21 -2 -22 -24 -25 -23 -26 -28 29 -17
right_child=1 2 -4 4 5 7 -8 8 -10 10 -12 12 -14 14 15 28 17 -19 19 -21 22 25 23 24 26 -27 27 -29 -30 -31
leaf_value=-0.029098410154175428 -0.039835098247837139 -0.045365003496408464 0.052222752571105958 0.054800393023798549 0.042645087782983426 0.078068468282404158 -0.093540083393454557 -0.01997298382754837 0.047126774800320466 0.021608824062126657 -0.048642810637300665 0.036124192226317624 -0.021696111519594451 -0.034296103008091453 0.041286932614942394 -0.004179359296297965 -0.0019939395527427016 -0.053410772369666543 -0.0086501482372673671 0.054494996815919877 -0.051979598710313435 0.0055763832544191531 -0.047729195255254001 0.049150902091059837 -0.052022331648252235 0.069873243047013173 -0.031290089948610829 0.039243299868844811 0.023036658149716019 0.023711852074572534
leaf_weight=36 27 25 21 31 27 23 20 28 21 27 22 31 37 32 24 192 26 22 26 20 40 26 28 32 22 21 22 21 37 33
leaf_count=36 27 25 21 31 27 23 20 28 21 27 22 31 37 32 24 192 26 22 26 20 40 26 28 32 22 21 22 21 37 33
internal_value=0 0.00108666 0.00957944 0.00651263 0.0136619 0.00607087 -0.0125634 0.0309166 0.00878406 0.00874623 -0.00993273 -0.00878528 0.00466314 -0.00299665 0.00228246 0.00637516 -0.00803797 -0.02556 -0.00508689 0.0188043 -0.00968519 0.00725374 -0.017282 -0.00617882 0.0058151 0.0343048 -0.0155194 0.00315645 0.00317714 -8.86483e-05
internal_weight=0 964 313 292 199 168 96 72 49 76 49 93 68 651 318 286 333 48 285 46 239 74 165 125 97 47 65 43 262 225
internal_count=1000 964 313 292 199 168 96 72 49 76 49 93 68 651 318 286 333 48 285 46 239 74 165 125 97 47 65 43 262 225
is_linear=0
shrinkage=0.05


end of trees

feature_importances:
item_id=1294
store_id=662
month=466
day_of_week=357
promotion=221

parameters:
[boosting: gbdt]
[objective: regression]
[metric: rmse]
[tree_learner: serial]
[device_type: cpu]
[data: ]
[valid: ]
[num_iterations: 100]
[learning_rate: 0.05]
[num_leaves: 31]
[num_threads: 0]
[deterministic: 0]
[force_col_wise: 0]
[force_row_wise: 0]
[histogram_pool_size: -1]
[max_depth: -1]
[min_data_in_leaf: 20]
[min_sum_hessian_in_leaf: 0.001]
[bagging_fraction: 1]
[pos_bagging_fraction: 1]
[neg_bagging_fraction: 1]
[bagging_freq: 0]
[bagging_seed: 3]
[feature_fraction: 0.9]
[feature_fraction_bynode: 1]
[feature_fraction_seed: 2]
[extra_trees: 0]
[extra_seed: 6]
[early_stopping_round: 0]
[first_metric_only: 0]
[max_delta_step: 0]
[lambda_l1: 0]
[lambda_l2: 0]
[linear_lambda: 0]
[min_gain_to_split: 0]
[drop_rate: 0.1]
[max_drop: 50]
[skip_drop: 0.5]
[xgboost_dart_mode: 0]
[uniform_drop: 0]
[drop_seed: 4]
[top_rate: 0.2]
[other_rate: 0.1]
[min_data_per_group: 100]
[max_cat_threshold: 32]
[cat_l2: 10]
[cat_smooth: 10]
[max_cat_to_onehot: 4]
[top_k: 20]
[monotone_constraints: ]
[monotone_constraints_method: basic]
[monotone_penalty: 0]
[feature_contri: ]
[forcedsplits_filename: ]
[refit_decay_rate: 0.9]
[cegb_tradeoff: 1]
[cegb_penalty_split: 0]
[cegb_penalty_feature_lazy: ]
[cegb_penalty_feature_coupled: ]
[path_smooth: 0]
[interaction_constraints: ]
[verbosity: -1]
[saved_feature_importance_type: 0]
[linear_tree: 0]
[max_bin: 255]
[max_bin_by_feature: ]
[min_data_in_bin: 3]
[bin_construct_sample_cnt: 200000]
[data_random_seed: 1]
[is_enable_sparse: 1]
[enable_bundle: 1]
[use_missing: 1]
[zero_as_missing: 0]
[feature_pre_filter: 1]
[pre_partition: 0]
[two_round: 0]
[header: 0]
[label_column: ]
[weight_column: ]
[group_column: ]
[ignore_column: ]
[categorical_feature: ]
[forcedbins_filename: ]
[precise_float_parser: 0]
[parser_config_file: ]
[objective_seed: 5]
[num_class: 1]
[is_unbalance: 0]
[scale_pos_weight: 1]
[sigmoid: 1]
[boost_from_average: 1]
[reg_sqrt: 0]
[alpha: 0.9]
[fair_c: 1]
[poisson_max_delta_step: 0.7]
[tweedie_variance_power: 1.5]
[lambdarank_truncation_level: 30]
[lambdarank_norm: 1]
[label_gain: ]
[lambdarank_position_bias_regularization: 0]
[eval_at: ]
[multi_error_top_k: 1]
[auc_mu_weights: ]
[num_machines: 1]
[local_listen_port: 12400]
[time_out: 120]
[machine_list_filename: ]
[machines: ]
[gpu_platform_id: -1]
[gpu_device_id: -1]
[gpu_use_dp: 0]
[num_gpu: 1]

end of parameters

pandas_categorical:[]
